Tanggal,Produk,total_revenue,total_revenue_ema_10,total_revenue_lag_1,revenue_class
2024-01-02,IQIYI VIP,233244.0,181412.0,181412.0,Bad for Sale
2024-01-03,IQIYI VIP,310992.0,190836.0,233244.0,Bad for Sale
2024-01-04,IQIYI VIP,336908.0,212682.54545454544,310992.0,Bad for Sale
2024-01-05,IQIYI VIP,142538.0,235268.99173553716,336908.0,Bad for Sale
2024-01-06,IQIYI VIP,207328.0,218408.81141998494,142538.0,Bad for Sale
2024-01-07,IQIYI VIP,142538.0,216394.11843453313,207328.0,Bad for Sale
2024-01-08,IQIYI VIP,194370.0,202965.733264618,142538.0,Bad for Sale
2024-01-09,IQIYI VIP,246202.0,201402.87267105107,194370.0,Bad for Sale
2024-01-10,IQIYI VIP,349866.0,209548.16854904176,246202.0,Bad for Sale
2024-01-11,IQIYI VIP,362824.0,235060.50154012506,349866.0,Bad for Sale
2024-01-12,IQIYI VIP,259160.0,258290.22853282958,362824.0,Bad for Sale
2024-01-13,IQIYI VIP,220286.0,258448.36879958783,259160.0,Bad for Sale
2024-01-14,IQIYI VIP,220286.0,251509.75629057185,220286.0,Bad for Sale
2024-01-15,IQIYI VIP,298034.0,245832.70969228604,220286.0,Bad for Sale
2024-01-16,IQIYI VIP,142538.0,255323.85338459766,298034.0,Bad for Sale
2024-01-17,IQIYI VIP,228454.0,234817.33458739807,142538.0,Bad for Sale
2024-01-18,IQIYI VIP,173748.0,233660.3646624166,228454.0,Bad for Sale
2024-01-19,IQIYI VIP,250538.0,222767.2074510681,173748.0,Bad for Sale
2024-01-20,IQIYI VIP,114706.0,227816.4424599648,250538.0,Bad for Sale
2024-01-21,IQIYI VIP,75832.0,207250.9074672439,114706.0,Bad for Sale
2024-01-22,IQIYI VIP,126706.0,183356.5606550177,75832.0,Bad for Sale
2024-01-23,IQIYI VIP,24958.0,173056.45871774177,126706.0,Bad for Sale
2024-01-24,IQIYI VIP,260622.0,146129.4662236069,24958.0,Bad for Sale
2024-01-25,IQIYI VIP,136790.0,166946.29054658746,260622.0,Bad for Sale
2024-01-26,IQIYI VIP,63832.0,161463.3286290261,136790.0,Bad for Sale
2024-01-27,IQIYI VIP,140622.0,143712.17796920316,63832.0,Bad for Sale
2024-01-28,IQIYI VIP,101748.0,143150.32742934802,140622.0,Bad for Sale
2024-01-29,IQIYI VIP,151664.0,135622.63153310292,101748.0,Bad for Sale
2024-01-30,IQIYI VIP,75832.0,138539.24398162964,151664.0,Bad for Sale
2024-01-31,IQIYI VIP,190538.0,127137.92689406061,75832.0,Bad for Sale
2024-02-01,IQIYI VIP,163664.0,138665.21291332232,190538.0,Bad for Sale
2024-02-02,IQIYI VIP,236622.0,143210.4469290819,163664.0,Bad for Sale
2024-02-03,IQIYI VIP,201580.0,160194.3656692488,236622.0,Bad for Sale
2024-02-04,IQIYI VIP,76790.0,167719.02645665812,201580.0,Bad for Sale
2024-02-05,IQIYI VIP,112790.0,151186.47619181118,76790.0,Bad for Sale
2024-02-06,IQIYI VIP,76790.0,144205.29870239095,112790.0,Bad for Sale
2024-02-07,IQIYI VIP,115664.0,131947.9716655926,76790.0,Bad for Sale
2024-02-08,IQIYI VIP,87832.0,128987.24954457575,115664.0,Bad for Sale
2024-02-09,IQIYI VIP,176622.0,121504.47690010743,87832.0,Bad for Sale
2024-02-10,IQIYI VIP,25916.0,131525.84473645152,176622.0,Bad for Sale
2024-02-11,IQIYI VIP,101748.0,112324.05478436941,25916.0,Bad for Sale
2024-02-12,IQIYI VIP,262538.0,110401.13573266588,101748.0,Bad for Sale
2024-02-13,IQIYI VIP,63832.0,138062.38378127207,262538.0,Bad for Sale
2024-02-14,IQIYI VIP,302370.0,124565.95036649532,63832.0,Bad for Sale
2024-02-15,IQIYI VIP,201580.0,156893.9593907689,302370.0,Bad for Sale
2024-02-16,IQIYI VIP,200622.0,165018.69404699272,201580.0,Bad for Sale
2024-02-17,IQIYI VIP,187664.0,171492.02240208493,200622.0,Bad for Sale
2024-02-18,IQIYI VIP,162706.0,174432.38196534218,187664.0,Bad for Sale
2024-02-19,IQIYI VIP,100790.0,172300.31251709812,162706.0,Bad for Sale
2024-02-20,IQIYI VIP,225580.0,159298.43751398937,100790.0,Bad for Sale
2024-02-21,IQIYI VIP,366202.0,171349.63069326401,225580.0,Bad for Sale
2024-02-22,IQIYI VIP,176622.0,206777.33420357964,366202.0,Bad for Sale
2024-02-23,IQIYI VIP,202538.0,201294.54616656515,176622.0,Bad for Sale
2024-02-24,IQIYI VIP,240454.0,201520.6286817351,202538.0,Bad for Sale
2024-02-25,IQIYI VIP,213580.0,208599.42346687417,240454.0,Bad for Sale
2024-02-26,IQIYI VIP,188622.0,209504.9828365334,213580.0,Bad for Sale
2024-02-27,IQIYI VIP,125748.0,205708.0768662546,188622.0,Bad for Sale
2024-02-28,IQIYI VIP,261580.0,191169.88107239013,125748.0,Bad for Sale
2024-02-29,IQIYI VIP,502992.0,203971.7208774101,261580.0,Normal Sale
2024-03-01,IQIYI VIP,263496.0,258339.0443542446,502992.0,Bad for Sale
2024-03-02,IQIYI VIP,400286.0,259276.67265347284,263496.0,Bad for Sale
2024-03-03,IQIYI VIP,76790.0,284914.73217102326,400286.0,Bad for Sale
2024-03-04,IQIYI VIP,175664.0,247073.87177629175,76790.0,Bad for Sale
2024-03-05,IQIYI VIP,212622.0,234090.25872605687,175664.0,Bad for Sale
2024-03-06,IQIYI VIP,387328.0,230186.93895768287,212622.0,Bad for Sale
2024-03-07,IQIYI VIP,263496.0,258758.0409653769,387328.0,Bad for Sale
2024-03-08,IQIYI VIP,301412.0,259619.48806258108,263496.0,Bad for Sale
2024-03-09,IQIYI VIP,251496.0,267218.1265966572,301412.0,Bad for Sale
2024-03-10,IQIYI VIP,224622.0,264359.5581245377,251496.0,Bad for Sale
2024-03-11,IQIYI VIP,216454.0,257134.54755643994,224622.0,Bad for Sale
2024-03-12,IQIYI VIP,299496.0,249738.08436435994,216454.0,Bad for Sale
2024-03-13,IQIYI VIP,127664.0,258784.9781162945,299496.0,Bad for Sale
2024-03-14,IQIYI VIP,337412.0,234944.8002769682,127664.0,Bad for Sale
2024-03-15,IQIYI VIP,126706.0,253575.20022661035,337412.0,Bad for Sale
2024-03-16,IQIYI VIP,352286.0,230508.0729126812,126706.0,Bad for Sale
2024-03-17,IQIYI VIP,374370.0,252649.51420128462,352286.0,Bad for Sale
2024-03-18,IQIYI VIP,151664.0,274780.5116192328,374370.0,Bad for Sale
2024-03-19,IQIYI VIP,201580.0,252395.69132482685,151664.0,Bad for Sale
2024-03-20,IQIYI VIP,202538.0,243156.47472031286,201580.0,Bad for Sale
2024-03-21,IQIYI VIP,162706.0,235771.29749843778,202538.0,Bad for Sale
2024-03-22,IQIYI VIP,99832.0,222486.69795326726,162706.0,Bad for Sale
2024-03-23,IQIYI VIP,125748.0,200185.84377994592,99832.0,Bad for Sale
2024-03-24,IQIYI VIP,215496.0,186651.6903654103,125748.0,Bad for Sale
2024-03-25,IQIYI VIP,51832.0,191896.11029897205,215496.0,Bad for Sale
2024-03-26,IQIYI VIP,62874.0,166429.90842643168,51832.0,Bad for Sale
2024-03-27,IQIYI VIP,75832.0,147601.5614398077,62874.0,Bad for Sale
2024-03-28,IQIYI VIP,150706.0,134552.55026893356,75832.0,Bad for Sale
2024-03-29,IQIYI VIP,50874.0,137489.54112912744,150706.0,Bad for Sale
2024-03-30,IQIYI VIP,190538.0,121741.26092383152,50874.0,Bad for Sale
2024-03-31,IQIYI VIP,164622.0,134249.75893768034,190538.0,Bad for Sale
2024-04-01,IQIYI VIP,214538.0,139771.98458537483,164622.0,Bad for Sale
2024-04-02,IQIYI VIP,187664.0,153365.80556985212,214538.0,Bad for Sale
2024-04-03,IQIYI VIP,175664.0,159601.8409207881,187664.0,Bad for Sale
2024-04-04,IQIYI VIP,51832.0,162522.2334806448,175664.0,Bad for Sale
2024-04-05,IQIYI VIP,100790.0,142396.7364841639,51832.0,Bad for Sale
2024-04-06,IQIYI VIP,63832.0,134831.87530522502,100790.0,Bad for Sale
2024-04-07,IQIYI VIP,38874.0,121922.80706791137,63832.0,Bad for Sale
2024-04-08,IQIYI VIP,75832.0,106823.02396465476,38874.0,Bad for Sale
2024-04-09,IQIYI VIP,74874.0,101188.29233471752,75832.0,Bad for Sale
2024-04-10,IQIYI VIP,89748.0,96403.87554658706,74874.0,Bad for Sale
2024-04-11,IQIYI VIP,75832.0,95193.7163562985,89748.0,Bad for Sale
2024-04-12,IQIYI VIP,101748.0,91673.40429151694,75832.0,Bad for Sale
2024-04-13,IQIYI VIP,25916.0,93505.14896578659,101748.0,Bad for Sale
2024-04-14,IQIYI VIP,63832.0,81216.21279018902,25916.0,Bad for Sale
2024-04-15,IQIYI VIP,124790.0,78055.44682833645,63832.0,Bad for Sale
2024-04-16,IQIYI VIP,101748.0,86552.63831409346,124790.0,Bad for Sale
2024-04-17,IQIYI VIP,38874.0,89315.43134789466,101748.0,Bad for Sale
2024-04-18,IQIYI VIP,103664.0,80144.2620119138,38874.0,Bad for Sale
2024-04-19,IQIYI VIP,101748.0,84420.57800974765,103664.0,Bad for Sale
2024-04-20,IQIYI VIP,73916.0,87571.01837161172,101748.0,Bad for Sale
2024-04-21,IQIYI VIP,150706.0,85088.28775859141,73916.0,Bad for Sale
2024-04-22,IQIYI VIP,49916.0,97018.78089339296,150706.0,Bad for Sale
2024-04-23,IQIYI VIP,150706.0,88454.63891277606,49916.0,Bad for Sale
2024-04-24,IQIYI VIP,12958.0,99773.06820136223,150706.0,Bad for Sale
2024-04-25,IQIYI VIP,62874.0,83988.51034656909,12958.0,Bad for Sale
2024-04-26,IQIYI VIP,12958.0,80149.5084653747,62874.0,Bad for Sale
2024-04-27,IQIYI VIP,289412.0,67932.8705625793,12958.0,Bad for Sale
2024-04-28,IQIYI VIP,126706.0,108201.80318756487,289412.0,Bad for Sale
2024-04-29,IQIYI VIP,111832.0,111566.20260800762,126706.0,Bad for Sale
2024-04-30,IQIYI VIP,235664.0,111614.52940655168,111832.0,Bad for Sale
2024-05-01,IQIYI VIP,212622.0,134168.97860536046,235664.0,Bad for Sale
2024-05-02,IQIYI VIP,102706.0,148433.16431347674,212622.0,Bad for Sale
2024-05-03,IQIYI VIP,188622.0,140119.13443829914,102706.0,Bad for Sale
2024-05-04,IQIYI VIP,240454.0,148937.8372676993,188622.0,Bad for Sale
2024-05-05,IQIYI VIP,150706.0,165577.13958266305,240454.0,Bad for Sale
2024-05-06,IQIYI VIP,200622.0,162873.29602217884,150706.0,Bad for Sale
2024-05-07,IQIYI VIP,150706.0,169736.69674541903,200622.0,Bad for Sale
2024-05-08,IQIYI VIP,189580.0,166276.57006443373,150706.0,Bad for Sale
2024-05-09,IQIYI VIP,87832.0,170513.55732544578,189580.0,Bad for Sale
2024-05-10,IQIYI VIP,201580.0,155480.54690263746,87832.0,Bad for Sale
2024-05-11,IQIYI VIP,164622.0,163862.26564761245,201580.0,Bad for Sale
2024-05-12,IQIYI VIP,176622.0,164000.39916622837,164622.0,Bad for Sale
2024-05-13,IQIYI VIP,251496.0,166295.23568145957,176622.0,Bad for Sale
2024-05-14,IQIYI VIP,151664.0,181786.283739376,251496.0,Bad for Sale
2024-05-15,IQIYI VIP,152622.0,176309.50487767128,151664.0,Bad for Sale
2024-05-16,IQIYI VIP,162706.0,172002.68580900377,152622.0,Bad for Sale
2024-05-17,IQIYI VIP,136790.0,170312.3792982758,162706.0,Bad for Sale
2024-05-18,IQIYI VIP,176622.0,164217.40124404384,136790.0,Bad for Sale
2024-05-19,IQIYI VIP,136790.0,166472.78283603585,176622.0,Bad for Sale
2024-05-20,IQIYI VIP,75832.0,161075.91322948388,136790.0,Bad for Sale
2024-05-21,IQIYI VIP,89748.0,145577.01991503223,75832.0,Bad for Sale
2024-05-22,IQIYI VIP,76790.0,135426.28902139,89748.0,Bad for Sale
2024-05-23,IQIYI VIP,237580.0,124765.14556295544,76790.0,Bad for Sale
2024-05-24,IQIYI VIP,176622.0,145276.93727878173,237580.0,Bad for Sale
2024-05-25,IQIYI VIP,299496.0,150976.0395917305,176622.0,Bad for Sale
2024-05-26,IQIYI VIP,51832.0,177979.6687568704,299496.0,Bad for Sale
2024-05-27,IQIYI VIP,160790.0,155043.72898289395,51832.0,Bad for Sale
2024-05-28,IQIYI VIP,200622.0,156088.50553145868,160790.0,Bad for Sale
2024-05-29,IQIYI VIP,174706.0,164185.5045257389,200622.0,Bad for Sale
2024-05-30,IQIYI VIP,75832.0,166098.32188469547,174706.0,Bad for Sale
2024-05-31,IQIYI VIP,139664.0,149686.26336020537,75832.0,Bad for Sale
2024-06-01,IQIYI VIP,214538.0,147864.03365834986,139664.0,Bad for Sale
2024-06-02,IQIYI VIP,242370.0,159986.57299319532,214538.0,Bad for Sale
2024-06-03,IQIYI VIP,303328.0,174965.37790352345,242370.0,Bad for Sale
2024-06-04,IQIYI VIP,188622.0,198304.03646651917,303328.0,Bad for Sale
2024-06-05,IQIYI VIP,240454.0,196543.6661998793,188622.0,Bad for Sale
2024-06-06,IQIYI VIP,276454.0,204527.3632544467,240454.0,Bad for Sale
2024-06-07,IQIYI VIP,189580.0,217604.93357182003,276454.0,Bad for Sale
2024-06-08,IQIYI VIP,201580.0,212509.49110421637,189580.0,Bad for Sale
2024-06-09,IQIYI VIP,174706.0,210522.31090344975,201580.0,Bad for Sale
2024-06-10,IQIYI VIP,263496.0,204010.25437554976,174706.0,Bad for Sale
2024-06-11,IQIYI VIP,164622.0,214825.84448908616,263496.0,Bad for Sale
2024-06-12,IQIYI VIP,102706.0,205697.87276379776,164622.0,Bad for Sale
2024-06-13,IQIYI VIP,167496.0,186972.07771583452,102706.0,Bad for Sale
2024-06-14,IQIYI VIP,163664.0,183430.97267659186,167496.0,Bad for Sale
2024-06-15,IQIYI VIP,176622.0,179836.97764448423,163664.0,Bad for Sale
2024-06-16,IQIYI VIP,187664.0,179252.436254578,176622.0,Bad for Sale
2024-06-17,IQIYI VIP,315328.0,180781.81148101835,187664.0,Bad for Sale
2024-06-18,IQIYI VIP,253412.0,205244.75484810592,315328.0,Bad for Sale
2024-06-19,IQIYI VIP,175664.0,214002.43578481392,253412.0,Bad for Sale
2024-06-20,IQIYI VIP,163664.0,207031.81109666592,175664.0,Bad for Sale
2024-06-21,IQIYI VIP,241412.0,199146.75453363574,163664.0,Bad for Sale
2024-06-22,IQIYI VIP,176622.0,206831.34461842923,241412.0,Bad for Sale
2024-06-23,IQIYI VIP,315328.0,201338.73650598753,176622.0,Bad for Sale
2024-06-24,IQIYI VIP,199664.0,222064.0571412625,315328.0,Bad for Sale
2024-06-25,IQIYI VIP,202538.0,217991.31947921478,199664.0,Bad for Sale
2024-06-26,IQIYI VIP,279328.0,215181.62502844844,202538.0,Bad for Sale
2024-06-27,IQIYI VIP,415160.0,226844.60229600326,279328.0,Bad for Sale
2024-06-28,IQIYI VIP,339328.0,261083.76551491173,415160.0,Bad for Sale
2024-06-29,IQIYI VIP,310538.0,275309.98996674595,339328.0,Bad for Sale
2024-06-30,IQIYI VIP,310538.0,281715.0827000649,310538.0,Bad for Sale
2024-07-01,IQIYI VIP,363328.0,286955.6131182349,310538.0,Bad for Sale
2024-07-02,IQIYI VIP,452118.0,300841.5016421922,363328.0,Bad for Sale
2024-07-03,IQIYI VIP,267328.0,328346.31952543,452118.0,Bad for Sale
2024-07-04,IQIYI VIP,252454.0,317252.0796117154,267328.0,Bad for Sale
2024-07-05,IQIYI VIP,260622.0,305470.6105914035,252454.0,Bad for Sale
2024-07-06,IQIYI VIP,202538.0,297316.31775660283,260622.0,Bad for Sale
2024-07-07,IQIYI VIP,217412.0,280083.89634631143,202538.0,Bad for Sale
2024-07-08,IQIYI VIP,151664.0,268689.00610152754,217412.0,Bad for Sale
2024-07-09,IQIYI VIP,341244.0,247411.73226488617,151664.0,Bad for Sale
2024-07-10,IQIYI VIP,251496.0,264472.1445803614,341244.0,Bad for Sale
2024-07-11,IQIYI VIP,224622.0,262112.8455657502,251496.0,Bad for Sale
2024-07-12,IQIYI VIP,315328.0,255296.32819015926,224622.0,Bad for Sale
2024-07-13,IQIYI VIP,139664.0,266211.1776101303,315328.0,Bad for Sale
2024-07-14,IQIYI VIP,262538.0,243202.59986283386,139664.0,Bad for Sale
2024-07-15,IQIYI VIP,265412.0,246718.12716050041,262538.0,Bad for Sale
2024-07-16,IQIYI VIP,217412.0,250117.0131313185,265412.0,Bad for Sale
2024-07-17,IQIYI VIP,251496.0,244170.64710744238,217412.0,Bad for Sale
2024-07-18,IQIYI VIP,262538.0,245502.52945154376,251496.0,Bad for Sale
2024-07-19,IQIYI VIP,186706.0,248599.88773308124,262538.0,Bad for Sale
2024-07-20,IQIYI VIP,152622.0,237346.45359979372,186706.0,Bad for Sale
2024-07-21,IQIYI VIP,64790.0,221942.0074907403,152622.0,Bad for Sale
2024-07-22,IQIYI VIP,88790.0,193368.9152196966,64790.0,Bad for Sale
2024-07-23,IQIYI VIP,113748.0,174354.56699793355,88790.0,Bad for Sale
2024-07-24,IQIYI VIP,63832.0,163335.19118012744,113748.0,Bad for Sale
2024-07-25,IQIYI VIP,124790.0,145243.7018746497,63832.0,Bad for Sale
2024-07-26,IQIYI VIP,36958.0,141524.84698834975,124790.0,Bad for Sale
2024-07-27,IQIYI VIP,113748.0,122512.69299046797,36958.0,Bad for Sale
2024-07-28,IQIYI VIP,88790.0,120919.11244674651,113748.0,Bad for Sale
2024-07-29,IQIYI VIP,124790.0,115077.45563824715,88790.0,Bad for Sale
2024-07-30,IQIYI VIP,137748.0,116843.37279492948,124790.0,Bad for Sale
2024-07-31,IQIYI VIP,112790.0,120644.21410494231,137748.0,Bad for Sale
2024-08-01,IQIYI VIP,252454.0,119216.17517677098,112790.0,Bad for Sale
2024-08-02,IQIYI VIP,201580.0,143441.2342355399,252454.0,Bad for Sale
2024-08-03,IQIYI VIP,125748.0,154011.91891998716,201580.0,Bad for Sale
2024-08-04,IQIYI VIP,215496.0,148873.0245708986,125748.0,Bad for Sale
2024-08-05,IQIYI VIP,123832.0,160986.2928307352,215496.0,Bad for Sale
2024-08-06,IQIYI VIP,189580.0,154230.96686151062,123832.0,Bad for Sale
2024-08-07,IQIYI VIP,136790.0,160658.0637957814,189580.0,Bad for Sale
2024-08-08,IQIYI VIP,136790.0,156318.41583291205,136790.0,Bad for Sale
2024-08-09,IQIYI VIP,200622.0,152767.7947723826,136790.0,Bad for Sale
2024-08-10,IQIYI VIP,227496.0,161468.5593592221,200622.0,Bad for Sale
2024-08-11,IQIYI VIP,189580.0,173473.54856663625,227496.0,Bad for Sale
2024-08-12,IQIYI VIP,76790.0,176401.99428179328,189580.0,Bad for Sale
2024-08-13,IQIYI VIP,187664.0,158290.7225941945,76790.0,Bad for Sale
2024-08-14,IQIYI VIP,114706.0,163631.3184861591,187664.0,Bad for Sale
2024-08-15,IQIYI VIP,288454.0,154735.80603413016,114706.0,Bad for Sale
2024-08-16,IQIYI VIP,241412.0,179048.20493701557,288454.0,Bad for Sale
2024-08-17,IQIYI VIP,316286.0,190387.0767666491,241412.0,Bad for Sale
2024-08-18,IQIYI VIP,375328.0,213277.7900818038,316286.0,Bad for Sale
2024-08-19,IQIYI VIP,215496.0,242741.4646123849,375328.0,Bad for Sale
2024-08-20,IQIYI VIP,399328.0,237787.74377376947,215496.0,Bad for Sale
2024-08-21,IQIYI VIP,262538.0,267158.6994512659,399328.0,Bad for Sale
2024-08-22,IQIYI VIP,353244.0,266318.57227830845,262538.0,Bad for Sale
2024-08-23,IQIYI VIP,338370.0,282123.19550043414,353244.0,Bad for Sale
2024-08-24,IQIYI VIP,277412.0,292349.8872276279,338370.0,Bad for Sale
2024-08-25,IQIYI VIP,450202.0,289633.90773169557,277412.0,Bad for Sale
2024-08-26,IQIYI VIP,313412.0,318828.1063259327,450202.0,Bad for Sale
2024-08-27,IQIYI VIP,190538.0,317843.35972121765,313412.0,Bad for Sale
2024-08-28,IQIYI VIP,186706.0,294696.9306809962,190538.0,Bad for Sale
2024-08-29,IQIYI VIP,252454.0,275062.21601172414,186706.0,Bad for Sale
2024-08-30,IQIYI VIP,139664.0,270951.6312823197,252454.0,Bad for Sale
2024-08-31,IQIYI VIP,153580.0,247081.1528673525,139664.0,Bad for Sale
2024-09-01,IQIYI VIP,240454.0,230080.94325510657,153580.0,Bad for Sale
2024-09-02,IQIYI VIP,319160.0,231966.9535723599,240454.0,Bad for Sale
2024-09-03,IQIYI VIP,141580.0,247820.23474102173,319160.0,Bad for Sale
2024-09-04,IQIYI VIP,138706.0,228503.8284244723,141580.0,Bad for Sale
2024-09-05,IQIYI VIP,137748.0,212176.9505291137,138706.0,Bad for Sale
2024-09-06,IQIYI VIP,114706.0,198644.41406927485,137748.0,Bad for Sale
2024-09-07,IQIYI VIP,188622.0,183382.8842384976,114706.0,Bad for Sale
2024-09-08,IQIYI VIP,74874.0,184335.45074058892,188622.0,Bad for Sale
2024-09-09,IQIYI VIP,151664.0,164433.36878775456,74874.0,Bad for Sale
2024-09-10,IQIYI VIP,50874.0,162111.66537179917,151664.0,Bad for Sale
2024-09-11,IQIYI VIP,302370.0,141886.6353041993,50874.0,Bad for Sale
2024-09-12,IQIYI VIP,291328.0,171065.42888525396,302370.0,Bad for Sale
2024-09-13,IQIYI VIP,308118.0,192931.35090611686,291328.0,Bad for Sale
2024-09-14,IQIYI VIP,264454.0,213874.3780140956,308118.0,Bad for Sale
2024-09-15,IQIYI VIP,340286.0,223070.67292062368,264454.0,Bad for Sale
2024-09-16,IQIYI VIP,341244.0,244382.55057141936,340286.0,Bad for Sale
2024-09-17,IQIYI VIP,493866.0,261993.72319479764,341244.0,Bad for Sale
2024-09-18,IQIYI VIP,352286.0,304152.3189775617,493866.0,Bad for Sale
2024-09-19,IQIYI VIP,242370.0,312903.8973452777,352286.0,Bad for Sale
2024-09-20,IQIYI VIP,407950.0,300079.55237340904,242370.0,Bad for Sale
2024-09-21,IQIYI VIP,564908.0,319692.3610327892,407950.0,Normal Sale
2024-09-22,IQIYI VIP,379160.0,364277.0226631912,564908.0,Bad for Sale
2024-09-23,IQIYI VIP,469866.0,366983.018542611,379160.0,Bad for Sale
2024-09-24,IQIYI VIP,464118.0,385689.01517122716,469866.0,Bad for Sale
2024-09-25,IQIYI VIP,514034.0,399948.83059464034,464118.0,Normal Sale
2024-09-26,IQIYI VIP,810152.0,420691.5886683421,514034.0,Normal Sale
2024-09-27,IQIYI VIP,619614.0,491502.57254682534,810152.0,Normal Sale
2024-09-28,IQIYI VIP,506824.0,514795.5593564934,619614.0,Normal Sale
2024-09-29,IQIYI VIP,444908.0,513346.18492804,506824.0,Bad for Sale
2024-09-30,IQIYI VIP,542824.0,500902.87857748725,444908.0,Normal Sale
2024-10-01,IQIYI VIP,442992.0,508524.9006543077,542824.0,Bad for Sale
2024-10-02,IQIYI VIP,389244.0,496609.8278080699,442992.0,Bad for Sale
2024-10-03,IQIYI VIP,328286.0,477088.7682066026,389244.0,Bad for Sale
2024-10-04,IQIYI VIP,279328.0,450033.71944176574,328286.0,Bad for Sale
2024-10-05,IQIYI VIP,238538.0,418996.3159068992,279328.0,Bad for Sale
2024-10-06,IQIYI VIP,455950.0,386185.7130147357,238538.0,Bad for Sale
2024-10-07,IQIYI VIP,341244.0,398870.1288302383,455950.0,Bad for Sale
2024-10-08,IQIYI VIP,415160.0,388392.6508611041,341244.0,Bad for Sale
2024-10-09,IQIYI VIP,302370.0,393259.44161363057,415160.0,Bad for Sale
2024-10-10,IQIYI VIP,280286.0,376734.08859297045,302370.0,Bad for Sale
2024-10-11,IQIYI VIP,288454.0,359198.07248515764,280286.0,Bad for Sale
2024-10-12,IQIYI VIP,217412.0,346335.5138514926,288454.0,Bad for Sale
2024-10-13,IQIYI VIP,316286.0,322894.874969403,217412.0,Bad for Sale
2024-10-14,IQIYI VIP,216454.0,321693.26133860246,316286.0,Bad for Sale
2024-10-15,IQIYI VIP,214538.0,302558.8501861292,216454.0,Bad for Sale
2024-10-16,IQIYI VIP,244286.0,286555.0592431966,214538.0,Bad for Sale
2024-10-17,IQIYI VIP,191496.0,278869.7757444336,244286.0,Bad for Sale
2024-10-18,IQIYI VIP,330202.0,262983.6346999911,191496.0,Bad for Sale
2024-10-19,IQIYI VIP,380118.0,275205.15566362906,330202.0,Bad for Sale
2024-10-20,IQIYI VIP,339328.0,294280.2182702419,380118.0,Bad for Sale
2024-10-21,IQIYI VIP,165580.0,302470.7240392888,339328.0,Bad for Sale
2024-10-22,IQIYI VIP,267328.0,277581.50148669083,165580.0,Bad for Sale
2024-10-23,IQIYI VIP,567782.0,275717.22848911065,267328.0,Normal Sale
2024-10-24,IQIYI VIP,441076.0,328819.91421836324,567782.0,Bad for Sale
2024-10-25,IQIYI VIP,377244.0,349230.11163320625,441076.0,Bad for Sale
2024-10-26,IQIYI VIP,454034.0,354323.5458817142,377244.0,Bad for Sale
2024-10-27,IQIYI VIP,542824.0,372452.71935776615,454034.0,Normal Sale
2024-10-28,IQIYI VIP,510656.0,403429.31583817233,542824.0,Normal Sale
2024-10-29,IQIYI VIP,341244.0,422925.07659486827,510656.0,Bad for Sale
2024-10-30,IQIYI VIP,326370.0,408073.97175943764,341244.0,Bad for Sale
2024-10-31,IQIYI VIP,241412.0,393218.7041668126,326370.0,Bad for Sale
2024-11-01,IQIYI VIP,294202.0,365617.48522739206,241412.0,Bad for Sale
2024-11-02,IQIYI VIP,165580.0,352632.85154968436,294202.0,Bad for Sale
2024-11-03,IQIYI VIP,151664.0,318623.2421770144,165580.0,Bad for Sale
2024-11-04,IQIYI VIP,378202.0,288267.0163266481,151664.0,Bad for Sale
2024-11-05,IQIYI VIP,488118.0,304618.8315399848,378202.0,Bad for Sale
2024-11-06,IQIYI VIP,278370.0,337982.316714533,488118.0,Bad for Sale
2024-11-07,IQIYI VIP,193412.0,327143.713675527,278370.0,Bad for Sale
2024-11-08,IQIYI VIP,402202.0,302828.85664361296,193412.0,Bad for Sale
2024-11-09,IQIYI VIP,390202.0,320896.7008902288,402202.0,Bad for Sale
2024-11-10,IQIYI VIP,378202.0,333497.6643647326,390202.0,Bad for Sale
2024-11-11,IQIYI VIP,215496.0,341625.7253893267,378202.0,Bad for Sale
2024-11-12,IQIYI VIP,301412.0,318693.04804581276,215496.0,Bad for Sale
2024-11-13,IQIYI VIP,239496.0,315551.0393102104,301412.0,Bad for Sale
2024-11-14,IQIYI VIP,379160.0,301722.85034471756,239496.0,Bad for Sale
2024-11-15,IQIYI VIP,165580.0,315802.33210022346,379160.0,Bad for Sale
2024-11-16,IQIYI VIP,291328.0,288489.18080927373,165580.0,Bad for Sale
2024-11-17,IQIYI VIP,415160.0,289005.32975304214,291328.0,Bad for Sale
2024-11-18,IQIYI VIP,291328.0,311942.5425252163,415160.0,Bad for Sale
2024-11-19,IQIYI VIP,364286.0,308194.4438842679,291328.0,Bad for Sale
2024-11-20,IQIYI VIP,562992.0,318392.90863258275,364286.0,Normal Sale
2024-11-21,IQIYI VIP,327328.0,362865.47069938586,562992.0,Bad for Sale
2024-11-22,IQIYI VIP,251496.0,356404.1123904066,327328.0,Bad for Sale
2024-11-23,IQIYI VIP,566824.0,337329.9101376054,251496.0,Normal Sale
2024-11-24,IQIYI VIP,456908.0,379056.10829440434,566824.0,Bad for Sale
2024-11-25,IQIYI VIP,604740.0,393210.99769542174,456908.0,Normal Sale
2024-11-26,IQIYI VIP,429076.0,431670.81629625417,604740.0,Bad for Sale
2024-11-27,IQIYI VIP,330202.0,431199.03151511704,429076.0,Bad for Sale
2024-11-28,IQIYI VIP,720404.0,412835.9348760048,330202.0,Normal Sale
2024-11-29,IQIYI VIP,489076.0,468757.40126218577,720404.0,Bad for Sale
2024-11-30,IQIYI VIP,418034.0,472451.6919417883,489076.0,Bad for Sale
2024-12-01,IQIYI VIP,453076.0,462557.5661341904,418034.0,Bad for Sale
2024-12-02,IQIYI VIP,314370.0,460833.64501888305,453076.0,Bad for Sale
2024-12-03,IQIYI VIP,351328.0,434203.8913790861,314370.0,Bad for Sale
2024-12-04,IQIYI VIP,437244.0,419135.54749197955,351328.0,Bad for Sale
2024-12-05,IQIYI VIP,590824.0,422427.9934025287,437244.0,Normal Sale
2024-12-06,IQIYI VIP,520740.0,453045.44914752344,590824.0,Normal Sale
2024-12-07,IQIYI VIP,431950.0,465353.5493025191,520740.0,Bad for Sale
2024-12-08,IQIYI VIP,455950.0,459280.1767020611,431950.0,Bad for Sale
2024-12-09,IQIYI VIP,642656.0,458674.69002895907,455950.0,Normal Sale
2024-12-10,IQIYI VIP,595614.0,492125.83729642106,642656.0,Normal Sale
2024-12-11,IQIYI VIP,526992.0,510941.8668788899,595614.0,Normal Sale
2024-12-12,IQIYI VIP,540908.0,513860.07290090993,526992.0,Normal Sale
2024-12-13,IQIYI VIP,586992.0,518777.8778280172,540908.0,Normal Sale
2024-12-14,IQIYI VIP,430034.0,531180.4454956504,586992.0,Bad for Sale
2024-12-15,IQIYI VIP,390202.0,512790.1826782594,430034.0,Bad for Sale
2024-12-16,IQIYI VIP,440118.0,490501.4221913031,390202.0,Bad for Sale
2024-12-17,IQIYI VIP,228454.0,481340.7999747025,440118.0,Bad for Sale
2024-12-18,IQIYI VIP,507782.0,435361.3817974838,228454.0,Normal Sale
2024-12-19,IQIYI VIP,430034.0,448528.766925214,507782.0,Bad for Sale
2024-12-20,IQIYI VIP,731446.0,445166.0820297205,430034.0,Normal Sale
2024-12-21,IQIYI VIP,592740.0,497216.9762061349,731446.0,Normal Sale
2024-12-22,IQIYI VIP,668572.0,514584.7987141103,592740.0,Normal Sale
2024-12-23,IQIYI VIP,730488.0,542582.4716751811,668572.0,Normal Sale
2024-12-24,IQIYI VIP,504908.0,576747.1131887845,730488.0,Normal Sale
2024-12-25,IQIYI VIP,235664.0,563685.456245369,504908.0,Bad for Sale
2024-12-26,IQIYI VIP,743446.0,504045.19147348375,235664.0,Normal Sale
2024-12-27,IQIYI VIP,592740.0,547572.6112055776,743446.0,Normal Sale
2024-12-28,IQIYI VIP,378202.0,555784.8637136543,592740.0,Bad for Sale
2024-12-29,IQIYI VIP,350370.0,523497.0703111717,378202.0,Bad for Sale
2024-12-30,IQIYI VIP,400286.0,492019.4211636859,350370.0,Bad for Sale
2024-12-31,IQIYI VIP,364286.0,475340.617315743,400286.0,Bad for Sale
2025-01-01,IQIYI VIP,666656.0,455148.8687128806,364286.0,Normal Sale
2025-01-02,IQIYI VIP,278370.0,493604.7107650841,666656.0,Bad for Sale
2025-01-03,IQIYI VIP,591782.0,454471.1269896142,278370.0,Normal Sale
2025-01-04,IQIYI VIP,844236.0,479436.7402642298,591782.0,Normal Sale
2025-01-05,IQIYI VIP,503950.0,545763.8783980062,844236.0,Normal Sale
2025-01-06,IQIYI VIP,531782.0,538161.3550529141,503950.0,Normal Sale
2025-01-07,IQIYI VIP,1082774.0,537001.4723160206,531782.0,Good for Sale
2025-01-08,IQIYI VIP,779446.0,636232.8409858351,1082774.0,Normal Sale
2025-01-09,IQIYI VIP,704572.0,662271.5971702287,779446.0,Normal Sale
2025-01-10,IQIYI VIP,680572.0,669962.5795029143,704572.0,Normal Sale
2025-01-11,IQIYI VIP,849530.0,671891.565047839,680572.0,Normal Sale
2025-01-12,IQIYI VIP,877362.0,704189.4623118682,849530.0,Normal Sale
2025-01-13,IQIYI VIP,966152.0,735675.3782551648,877362.0,Normal Sale
2025-01-14,IQIYI VIP,1236354.0,777580.2185724075,966152.0,Good for Sale
2025-01-15,IQIYI VIP,1109648.0,860993.6333774242,1236354.0,Good for Sale
2025-01-16,IQIYI VIP,1054942.0,906203.5182178924,1109648.0,Good for Sale
2025-01-17,IQIYI VIP,856236.0,933246.8785419118,1054942.0,Normal Sale
2025-01-18,IQIYI VIP,767446.0,919244.9006252005,856236.0,Normal Sale
2025-01-19,IQIYI VIP,1191732.0,891645.1005115276,767446.0,Good for Sale
2025-01-20,IQIYI VIP,742488.0,946206.3549639771,1191732.0,Normal Sale
2025-01-21,IQIYI VIP,556740.0,909166.6540614357,742488.0,Normal Sale
2025-01-22,IQIYI VIP,770320.0,845089.0805957201,556740.0,Normal Sale
2025-01-23,IQIYI VIP,818320.0,831494.7023055891,770320.0,Normal Sale
2025-01-24,IQIYI VIP,862488.0,829099.3018863911,818320.0,Normal Sale
2025-01-25,IQIYI VIP,652740.0,835169.9742706836,862488.0,Normal Sale
2025-01-26,IQIYI VIP,670488.0,802000.8880396502,652740.0,Normal Sale
2025-01-27,IQIYI VIP,726656.0,778089.4538506228,670488.0,Normal Sale
2025-01-28,IQIYI VIP,588908.0,768737.9167868731,726656.0,Normal Sale
2025-01-29,IQIYI VIP,702656.0,736041.5682801688,588908.0,Normal Sale
2025-01-30,IQIYI VIP,376286.0,729971.4649565017,702656.0,Bad for Sale
2025-01-31,IQIYI VIP,541866.0,665665.0167825923,376286.0,Normal Sale
2025-02-01,IQIYI VIP,1246438.0,643156.1046403027,541866.0,Good for Sale
2025-02-02,IQIYI VIP,1656808.0,752843.7219784295,1246438.0,Good for Sale
2025-02-03,IQIYI VIP,1975010.0,917200.8634368968,1656808.0,Good for Sale
2025-02-04,IQIYI VIP,1307396.0,1109529.797357461,1975010.0,Good for Sale
2025-02-05,IQIYI VIP,1719682.0,1145505.4705651952,1307396.0,Good for Sale
2025-02-06,IQIYI VIP,983900.0,1249901.203189705,1719682.0,Normal Sale
2025-02-07,IQIYI VIP,1224354.0,1201537.348064304,983900.0,Good for Sale
2025-02-08,IQIYI VIP,966152.0,1205685.8302344305,1224354.0,Normal Sale
2025-02-09,IQIYI VIP,866320.0,1162134.2247372612,966152.0,Normal Sale
2025-02-10,IQIYI VIP,1180690.0,1108349.8202395772,866320.0,Good for Sale
2025-02-11,IQIYI VIP,902320.0,1121502.5801960176,1180690.0,Normal Sale
2025-02-12,IQIYI VIP,360454.0,1081651.2019785598,902320.0,Bad for Sale
2025-02-13,IQIYI VIP,1005984.0,950524.437982458,360454.0,Good for Sale
2025-02-14,IQIYI VIP,938320.0,960607.9947129202,1005984.0,Normal Sale
2025-02-15,IQIYI VIP,839446.0,956555.6320378437,938320.0,Normal Sale
2025-02-16,IQIYI VIP,1006942.0,935262.9716673265,839446.0,Good for Sale
2025-02-17,IQIYI VIP,988236.0,948295.5222732672,1006942.0,Normal Sale
2025-02-18,IQIYI VIP,690656.0,955557.4273144912,988236.0,Normal Sale
2025-02-19,IQIYI VIP,640740.0,907393.5314391291,690656.0,Normal Sale
2025-02-20,IQIYI VIP,615782.0,858911.0711774693,640740.0,Normal Sale
2025-02-21,IQIYI VIP,539950.0,814705.7855088385,615782.0,Normal Sale
2025-02-22,IQIYI VIP,647950.0,764750.1881435951,539950.0,Normal Sale
2025-02-23,IQIYI VIP,844236.0,743513.7902993051,647950.0,Normal Sale
2025-02-24,IQIYI VIP,716572.0,761826.9193357951,844236.0,Normal Sale
2025-02-25,IQIYI VIP,844236.0,753598.7521838323,716572.0,Normal Sale
2025-02-26,IQIYI VIP,768404.0,770078.2517867719,844236.0,Normal Sale
2025-02-27,IQIYI VIP,819278.0,769773.8423709951,768404.0,Normal Sale
2025-02-28,IQIYI VIP,690656.0,778774.5983035414,819278.0,Normal Sale
2025-03-01,IQIYI VIP,870152.0,762753.0349756248,690656.0,Normal Sale
2025-03-02,IQIYI VIP,518824.0,782280.1195255112,870152.0,Normal Sale
2025-03-03,IQIYI VIP,557698.0,734379.0068845091,518824.0,Normal Sale
2025-03-04,IQIYI VIP,994942.0,702255.1874509619,557698.0,Normal Sale
2025-03-05,IQIYI VIP,742488.0,755470.9715507871,994942.0,Normal Sale
2025-03-06,IQIYI VIP,1079900.0,753110.4312688257,742488.0,Good for Sale
2025-03-07,IQIYI VIP,658488.0,812526.7164926756,1079900.0,Normal Sale
2025-03-08,IQIYI VIP,469866.0,784519.6771303709,658488.0,Bad for Sale
2025-03-09,IQIYI VIP,739614.0,727309.9176521215,469866.0,Normal Sale
2025-03-10,IQIYI VIP,734320.0,729547.0235335539,739614.0,Normal Sale
2025-03-11,IQIYI VIP,706488.0,730414.8374365441,734320.0,Normal Sale
2025-03-12,IQIYI VIP,370034.0,726064.5033571725,706488.0,Bad for Sale
2025-03-13,IQIYI VIP,663782.0,661331.6845649593,370034.0,Normal Sale
2025-03-14,IQIYI VIP,707446.0,661777.1964622394,663782.0,Normal Sale
2025-03-15,IQIYI VIP,654656.0,670080.6152872867,707446.0,Normal Sale
2025-03-16,IQIYI VIP,607614.0,667276.1397805073,654656.0,Normal Sale
2025-03-17,IQIYI VIP,342202.0,656428.4780022332,607614.0,Bad for Sale
2025-03-18,IQIYI VIP,502034.0,599296.3910927362,342202.0,Normal Sale
2025-03-19,IQIYI VIP,390202.0,581612.319984966,502034.0,Bad for Sale
2025-03-20,IQIYI VIP,415160.0,546810.4436240629,390202.0,Bad for Sale
2025-03-21,IQIYI VIP,368118.0,522873.9993287787,415160.0,Bad for Sale
2025-03-22,IQIYI VIP,529866.0,494736.5449053644,368118.0,Normal Sale
2025-03-23,IQIYI VIP,615782.0,501123.7185589345,529866.0,Normal Sale
2025-03-24,IQIYI VIP,481866.0,521970.6788209464,615782.0,Bad for Sale
2025-03-25,IQIYI VIP,600908.0,514678.91903531976,481866.0,Normal Sale
2025-03-26,IQIYI VIP,606656.0,530356.9337561707,600908.0,Normal Sale
2025-03-27,IQIYI VIP,514034.0,544229.4912550487,606656.0,Normal Sale
2025-03-28,IQIYI VIP,981984.0,538739.4019359489,514034.0,Normal Sale
2025-03-29,IQIYI VIP,744404.0,619329.3288566854,981984.0,Normal Sale
2025-03-30,IQIYI VIP,684404.0,642070.1781554699,744404.0,Normal Sale
2025-03-31,IQIYI VIP,571614.0,649767.2366726572,684404.0,Normal Sale
2024-01-02,VIU Premium,839538.0,693318.0016551965,853664.0,Normal Sale
2024-01-03,VIU Premium,1027454.0,719903.4558997062,839538.0,Good for Sale
2024-01-04,VIU Premium,991622.0,775821.736645214,1027454.0,Normal Sale
2024-01-05,VIU Premium,1336412.0,815058.1481642659,991622.0,Good for Sale
2024-01-06,VIU Premium,1421538.0,909849.7575889447,1336412.0,Good for Sale
2024-01-07,VIU Premium,1560328.0,1002883.9834818639,1421538.0,Good for Sale
2024-01-08,VIU Premium,1605244.0,1104237.441030616,1560328.0,Good for Sale
2024-01-09,VIU Premium,1444538.0,1195329.542661413,1605244.0,Good for Sale
2024-01-10,VIU Premium,1265664.0,1240640.1712684287,1444538.0,Good for Sale
2024-01-11,VIU Premium,765916.0,1245189.9583105324,1265664.0,Normal Sale
2024-01-12,VIU Premium,95000.0,1158049.2386177082,765916.0,Bad for Sale
2024-01-13,VIU Premium,146000.0,964767.5588690339,95000.0,Bad for Sale
2024-01-14,VIU Premium,182000.0,815900.729983755,146000.0,Bad for Sale
2024-01-15,VIU Premium,114916.0,700646.0518048904,182000.0,Bad for Sale
2024-01-16,VIU Premium,239000.0,594149.6787494558,114916.0,Bad for Sale
2024-01-17,VIU Premium,121790.0,529577.0098859183,239000.0,Bad for Sale
2024-01-18,VIU Premium,312958.0,455433.9171793877,121790.0,Bad for Sale
2024-01-19,VIU Premium,339958.0,429529.20496495353,312958.0,Bad for Sale
2024-01-20,VIU Premium,231958.0,413243.531334962,339958.0,Bad for Sale
2024-01-21,VIU Premium,283958.0,380282.52563769615,231958.0,Bad for Sale
2024-01-22,VIU Premium,354790.0,362768.9755217514,283958.0,Bad for Sale
2024-01-23,VIU Premium,373790.0,361318.25269961474,354790.0,Bad for Sale
2024-01-24,VIU Premium,417916.0,363585.84311786655,373790.0,Bad for Sale
2024-01-25,VIU Premium,396916.0,373464.0534600726,417916.0,Bad for Sale
2024-01-26,VIU Premium,533874.0,377728.0437400594,396916.0,Normal Sale
2024-01-27,VIU Premium,413706.0,406118.21760550316,533874.0,Bad for Sale
2024-01-28,VIU Premium,286958.0,407497.8144045025,413706.0,Bad for Sale
2024-01-29,VIU Premium,320748.0,385581.48451277474,286958.0,Bad for Sale
2024-01-30,VIU Premium,261000.0,373793.5782377248,320748.0,Bad for Sale
2024-01-31,VIU Premium,414748.0,353285.6549217748,261000.0,Bad for Sale
2024-02-01,VIU Premium,411000.0,364460.62675417936,414748.0,Bad for Sale
2024-02-02,VIU Premium,338916.0,372922.3309806922,411000.0,Bad for Sale
2024-02-03,VIU Premium,408958.0,366739.3617114754,338916.0,Bad for Sale
2024-02-04,VIU Premium,568916.0,374415.4777639344,408958.0,Normal Sale
2024-02-05,VIU Premium,750706.0,409779.2090795827,568916.0,Normal Sale
2024-02-06,VIU Premium,780706.0,471765.8983378404,750706.0,Normal Sale
2024-02-07,VIU Premium,1002706.0,527936.8259127785,780706.0,Good for Sale
2024-02-08,VIU Premium,1124580.0,614258.4939286369,1002706.0,Good for Sale
2024-02-09,VIU Premium,916832.0,707044.2223052484,1124580.0,Normal Sale
2024-02-10,VIU Premium,70958.0,745187.454613385,916832.0,Bad for Sale
2024-02-11,VIU Premium,543832.0,622600.281047315,70958.0,Normal Sale
2024-02-12,VIU Premium,719496.0,608278.7754023486,543832.0,Normal Sale
2024-02-13,VIU Premium,798790.0,628500.088965558,719496.0,Normal Sale
2024-02-14,VIU Premium,815748.0,659461.8909718201,798790.0,Normal Sale
2024-02-15,VIU Premium,157832.0,687877.5471587619,815748.0,Bad for Sale
2024-02-16,VIU Premium,405790.0,591505.6294935325,157832.0,Bad for Sale
2024-02-17,VIU Premium,226748.0,557739.1514037992,405790.0,Bad for Sale
2024-02-18,VIU Premium,387790.0,497558.94205765385,226748.0,Bad for Sale
2024-02-19,VIU Premium,445832.0,477600.95259262586,387790.0,Bad for Sale
2024-02-20,VIU Premium,514748.0,471824.7793939666,445832.0,Normal Sale
2024-02-21,VIU Premium,531706.0,479629.0013223363,514748.0,Normal Sale
2024-02-22,VIU Premium,215706.0,489097.54653645697,531706.0,Bad for Sale
2024-02-23,VIU Premium,306958.0,439389.99262073747,215706.0,Bad for Sale
2024-02-24,VIU Premium,390832.0,415311.4485078761,306958.0,Bad for Sale
2024-02-25,VIU Premium,715748.0,410860.63968826225,390832.0,Normal Sale
2024-02-26,VIU Premium,721454.0,466294.7051994873,715748.0,Normal Sale
2024-02-27,VIU Premium,591706.0,512687.3042541259,721454.0,Normal Sale
2024-02-28,VIU Premium,618622.0,527054.3398442848,591706.0,Normal Sale
2024-02-29,VIU Premium,869622.0,543703.0053271421,618622.0,Normal Sale
2024-03-01,VIU Premium,1337370.0,602961.0043585708,869622.0,Good for Sale
2024-03-02,VIU Premium,1422370.0,736489.9126570125,1337370.0,Good for Sale
2024-03-03,VIU Premium,1376328.0,861195.3830830102,1422370.0,Good for Sale
2024-03-04,VIU Premium,927538.0,954855.8588860993,1376328.0,Normal Sale
2024-03-05,VIU Premium,816454.0,949888.975452263,927538.0,Normal Sale
2024-03-06,VIU Premium,1081622.0,925628.0708245789,816454.0,Good for Sale
2024-03-07,VIU Premium,1179950.0,953990.6034019282,1081622.0,Good for Sale
2024-03-08,VIU Premium,1502118.0,995074.130056123,1179950.0,Good for Sale
2024-03-09,VIU Premium,2033202.0,1087263.9245913732,1502118.0,Good for Sale
2024-03-10,VIU Premium,1412160.0,1259252.6655747597,2033202.0,Good for Sale
2024-03-11,VIU Premium,1587202.0,1287053.9991066214,1412160.0,Good for Sale
2024-03-12,VIU Premium,1775908.0,1341626.3629054176,1587202.0,Good for Sale
2024-03-13,VIU Premium,1651908.0,1420586.660558978,1775908.0,Good for Sale
2024-03-14,VIU Premium,2226236.0,1462645.0859118912,1651908.0,Good for Sale
2024-03-15,VIU Premium,2071034.0,1601479.7975642746,2226236.0,Good for Sale
2024-03-16,VIU Premium,2116656.0,1686853.2889162246,2071034.0,Good for Sale
2024-03-17,VIU Premium,1443118.0,1764999.2363860018,2116656.0,Good for Sale
2024-03-18,VIU Premium,1961992.0,1706475.3752249107,1443118.0,Good for Sale
2024-03-19,VIU Premium,1297286.0,1752932.9433658358,1961992.0,Good for Sale
2024-03-20,VIU Premium,1049706.0,1670088.0445720474,1297286.0,Good for Sale
2024-03-21,VIU Premium,1219202.0,1557291.3091953115,1049706.0,Good for Sale
2024-03-22,VIU Premium,1982488.0,1495820.5257052546,1219202.0,Good for Sale
2024-03-23,VIU Premium,1401118.0,1584305.521031572,1982488.0,Good for Sale
2024-03-24,VIU Premium,1543076.0,1550998.6990258317,1401118.0,Good for Sale
2024-03-25,VIU Premium,993538.0,1549558.2082938622,1543076.0,Normal Sale
2024-03-26,VIU Premium,1083412.0,1448463.6249677052,993538.0,Good for Sale
2024-03-27,VIU Premium,686706.0,1382090.6022463043,1083412.0,Normal Sale
2024-03-28,VIU Premium,738664.0,1255657.0382015216,686706.0,Normal Sale
2024-03-29,VIU Premium,892370.0,1161658.303983063,738664.0,Normal Sale
2024-03-30,VIU Premium,3637438.0,1112696.7941679605,892370.0,Good for Sale
2024-03-31,VIU Premium,1861866.0,1571740.6497737858,3637438.0,Good for Sale
2024-04-01,VIU Premium,1213244.0,1624490.7134512793,1861866.0,Good for Sale
2024-04-02,VIU Premium,979454.0,1549718.5837328648,1213244.0,Normal Sale
2024-04-03,VIU Premium,621874.0,1446034.1139632529,979454.0,Normal Sale
2024-04-04,VIU Premium,436874.0,1296186.8205153886,621874.0,Bad for Sale
2024-04-05,VIU Premium,883328.0,1139948.1258762272,436874.0,Normal Sale
2024-04-06,VIU Premium,407580.0,1093289.9211714584,883328.0,Bad for Sale
2024-04-07,VIU Premium,318916.0,968615.390049375,407580.0,Bad for Sale
2024-04-08,VIU Premium,153832.0,850488.2282222159,318916.0,Bad for Sale
2024-04-09,VIU Premium,252790.0,723823.4594545403,153832.0,Bad for Sale
2024-04-10,VIU Premium,270664.0,638181.0122809875,252790.0,Bad for Sale
2024-04-11,VIU Premium,636706.0,571359.7373208079,270664.0,Normal Sale
2024-04-12,VIU Premium,407832.0,583240.8759897519,636706.0,Bad for Sale
2024-04-13,VIU Premium,1214496.0,551348.3530825243,407832.0,Good for Sale
2024-04-14,VIU Premium,746790.0,671920.6525220653,1214496.0,Normal Sale
2024-04-15,VIU Premium,652454.0,685533.2611544171,746790.0,Normal Sale
2024-04-16,VIU Premium,172874.0,679518.8500354321,652454.0,Bad for Sale
2024-04-17,VIU Premium,250000.0,587401.6045744445,172874.0,Bad for Sale
2024-04-18,VIU Premium,175916.0,526055.8582881818,250000.0,Bad for Sale
2024-04-19,VIU Premium,268958.0,462394.0658721488,175916.0,Bad for Sale
2024-04-20,VIU Premium,102958.0,427223.8720772126,268958.0,Bad for Sale
2024-04-21,VIU Premium,41000.0,368266.44079044665,102958.0,Bad for Sale
2024-04-22,VIU Premium,205874.0,308763.45155582,41000.0,Bad for Sale
2024-04-23,VIU Premium,477538.0,290056.2785456709,205874.0,Bad for Sale
2024-04-24,VIU Premium,470748.0,324143.8642646398,477538.0,Bad for Sale
2024-04-25,VIU Premium,658496.0,350799.1616710689,470748.0,Normal Sale
2024-04-26,VIU Premium,468706.0,406744.0413672382,658496.0,Bad for Sale
2024-04-27,VIU Premium,667706.0,418009.85202774033,468706.0,Normal Sale
2024-04-28,VIU Premium,215832.0,463409.15165906027,667706.0,Bad for Sale
2024-04-29,VIU Premium,475874.0,418395.12408468564,215832.0,Bad for Sale
2024-04-30,VIU Premium,858286.0,428845.828796561,475874.0,Normal Sale
2024-05-01,VIU Premium,515832.0,506925.85992445896,858286.0,Normal Sale
2024-05-02,VIU Premium,725706.0,508545.15812001185,515832.0,Normal Sale
2024-05-03,VIU Premium,800748.0,548028.947552737,725706.0,Normal Sale
2024-05-04,VIU Premium,1000370.0,593977.8661795121,800748.0,Good for Sale
2024-05-05,VIU Premium,1020706.0,667867.3450559644,1000370.0,Good for Sale
2024-05-06,VIU Premium,966454.0,732019.8277730617,1020706.0,Normal Sale
2024-05-07,VIU Premium,1297538.0,774644.2227234141,966454.0,Good for Sale
2024-05-08,VIU Premium,1014748.0,869715.8185918842,1297538.0,Good for Sale
2024-05-09,VIU Premium,1214286.0,896085.3061206324,1014748.0,Good for Sale
2024-05-10,VIU Premium,1030412.0,953939.9777350628,1214286.0,Good for Sale
2024-05-11,VIU Premium,928454.0,967843.9817832331,1030412.0,Normal Sale
2024-05-12,VIU Premium,718496.0,960682.1669135543,928454.0,Normal Sale
2024-05-13,VIU Premium,1296530.0,916648.3183838171,718496.0,Good for Sale
2024-05-14,VIU Premium,847622.0,985717.7150413048,1296530.0,Normal Sale
2024-05-15,VIU Premium,607748.0,960609.403215613,847622.0,Normal Sale
2024-05-16,VIU Premium,765874.0,896452.7844491379,607748.0,Normal Sale
2024-05-17,VIU Premium,503664.0,872711.1872765673,765874.0,Normal Sale
2024-05-18,VIU Premium,300958.0,805611.6986808277,503664.0,Bad for Sale
2024-05-19,VIU Premium,100000.0,713856.480738859,300958.0,Bad for Sale
2024-05-20,VIU Premium,368790.0,602246.211513612,100000.0,Bad for Sale
2024-05-21,VIU Premium,256916.0,559799.6276020461,368790.0,Bad for Sale
2024-05-22,VIU Premium,242958.0,504729.87712894677,256916.0,Bad for Sale
2024-05-23,VIU Premium,308916.0,457134.9903782291,242958.0,Bad for Sale
2024-05-24,VIU Premium,263958.0,430186.0830367329,308916.0,Bad for Sale
2024-05-25,VIU Premium,227916.0,399962.7952118724,263958.0,Bad for Sale
2024-05-26,VIU Premium,244958.0,368681.5597188046,227916.0,Bad for Sale
2024-05-27,VIU Premium,524664.0,346186.36704265827,244958.0,Normal Sale
2024-05-28,VIU Premium,437664.0,378636.8457621749,524664.0,Bad for Sale
2024-05-29,VIU Premium,138874.0,389369.0556235977,437664.0,Bad for Sale
2024-05-30,VIU Premium,212958.0,343824.5000556708,138874.0,Bad for Sale
2024-05-31,VIU Premium,334000.0,320030.5909546397,212958.0,Bad for Sale
2024-06-01,VIU Premium,507874.0,322570.48350834154,334000.0,Normal Sale
2024-06-02,VIU Premium,586916.0,356262.0319613704,507874.0,Normal Sale
2024-06-03,VIU Premium,353832.0,398199.11705930304,586916.0,Bad for Sale
2024-06-04,VIU Premium,474958.0,390132.3685030661,353832.0,Bad for Sale
2024-06-05,VIU Premium,533916.0,405555.2105934177,474958.0,Normal Sale
2024-06-06,VIU Premium,817790.0,428893.535940069,533916.0,Normal Sale
2024-06-07,VIU Premium,342916.0,499601.9839509656,817790.0,Bad for Sale
2024-06-08,VIU Premium,311958.0,471113.6232326082,342916.0,Bad for Sale
2024-06-09,VIU Premium,244000.0,442176.23719031573,311958.0,Bad for Sale
2024-06-10,VIU Premium,173832.0,406144.19406480377,244000.0,Bad for Sale
2024-06-11,VIU Premium,225958.0,363905.61332574853,173832.0,Bad for Sale
2024-06-12,VIU Premium,1047874.0,338824.2290847033,225958.0,Good for Sale
2024-06-13,VIU Premium,727790.0,467742.3692511209,1047874.0,Normal Sale
2024-06-14,VIU Premium,440916.0,515023.756660008,727790.0,Bad for Sale
2024-06-15,VIU Premium,461958.0,501549.6190854611,440916.0,Bad for Sale
2024-06-16,VIU Premium,387916.0,494351.1428881045,461958.0,Bad for Sale
2024-06-17,VIU Premium,307958.0,474999.2987266309,387916.0,Bad for Sale
2024-06-18,VIU Premium,723748.0,444628.1535036071,307958.0,Normal Sale
2024-06-19,VIU Premium,791790.0,495377.2165029512,723748.0,Normal Sale
2024-06-20,VIU Premium,512874.0,549270.449866051,791790.0,Normal Sale
2024-06-21,VIU Premium,351790.0,542652.9135267689,512874.0,Bad for Sale
2024-06-22,VIU Premium,284958.0,507950.5656128109,351790.0,Bad for Sale
2024-06-23,VIU Premium,468958.0,467406.462774118,284958.0,Bad for Sale
2024-06-24,VIU Premium,297916.0,467688.5604515511,468958.0,Bad for Sale
2024-06-25,VIU Premium,423832.0,436820.82218763273,297916.0,Bad for Sale
2024-06-26,VIU Premium,234958.0,434459.2181535177,423832.0,Bad for Sale
2024-06-27,VIU Premium,285874.0,398186.26939833263,234958.0,Bad for Sale
2024-06-28,VIU Premium,199874.0,377765.85678045393,285874.0,Bad for Sale
2024-06-29,VIU Premium,488958.0,345421.8828203714,199874.0,Bad for Sale
2024-06-30,VIU Premium,235000.0,371519.3586712129,488958.0,Bad for Sale
2024-07-01,VIU Premium,102916.0,346697.6570946287,235000.0,Bad for Sale
2024-07-02,VIU Premium,615748.0,302373.71944105986,102916.0,Normal Sale
2024-07-03,VIU Premium,57916.0,359350.86136086716,615748.0,Bad for Sale
2024-07-04,VIU Premium,107000.0,304544.52293161856,57916.0,Bad for Sale
2024-07-05,VIU Premium,274916.0,268627.33694405155,107000.0,Bad for Sale
2024-07-06,VIU Premium,236916.0,269770.73022695124,274916.0,Bad for Sale
2024-07-07,VIU Premium,91000.0,263797.1429129601,236916.0,Bad for Sale
2024-07-08,VIU Premium,303832.0,232379.48056514916,91000.0,Bad for Sale
2024-07-09,VIU Premium,395874.0,245370.84773512202,303832.0,Bad for Sale
2024-07-10,VIU Premium,305916.0,272735.0572378271,395874.0,Bad for Sale
2024-07-11,VIU Premium,111958.0,278767.95592185855,305916.0,Bad for Sale
2024-07-12,VIU Premium,86000.0,248438.87302697517,111958.0,Bad for Sale
2024-07-13,VIU Premium,84958.0,218904.53247661603,86000.0,Bad for Sale
2024-07-14,VIU Premium,119000.0,194550.61748086766,84958.0,Bad for Sale
2024-07-15,VIU Premium,100916.0,180814.14157525534,119000.0,Bad for Sale
2024-07-16,VIU Premium,88958.0,166287.20674339074,100916.0,Bad for Sale
2024-07-17,VIU Premium,769748.0,152227.35097186515,88958.0,Normal Sale
2024-07-18,VIU Premium,994538.0,264503.8326133442,769748.0,Normal Sale
2024-07-19,VIU Premium,159916.0,397237.3175927361,994538.0,Bad for Sale
2024-07-20,VIU Premium,254916.0,354087.9871213295,159916.0,Bad for Sale
2024-07-21,VIU Premium,177916.0,336056.71673563326,254916.0,Bad for Sale
2024-07-22,VIU Premium,185000.0,307303.8591473363,177916.0,Bad for Sale
2024-07-23,VIU Premium,32000.0,285066.79384782055,185000.0,Bad for Sale
2024-07-24,VIU Premium,128000.0,239054.64951185317,32000.0,Bad for Sale
2024-07-25,VIU Premium,221916.0,218862.89505515256,128000.0,Bad for Sale
2024-07-26,VIU Premium,201916.0,219418.00504512482,221916.0,Bad for Sale
2024-07-27,VIU Premium,536832.0,216235.82230964757,201916.0,Normal Sale
2024-07-28,VIU Premium,451916.0,274526.0364351662,536832.0,Bad for Sale
2024-07-29,VIU Premium,410748.0,306778.7570833178,451916.0,Bad for Sale
2024-07-30,VIU Premium,397790.0,325682.2557954418,410748.0,Bad for Sale
2024-07-31,VIU Premium,691748.0,338792.75474172505,397790.0,Normal Sale
2024-08-01,VIU Premium,606748.0,402966.43569777504,691748.0,Normal Sale
2024-08-02,VIU Premium,725748.0,440017.62920727045,606748.0,Normal Sale
2024-08-03,VIU Premium,547832.0,491968.6057150394,725748.0,Normal Sale
2024-08-04,VIU Premium,340832.0,502125.5864941231,547832.0,Bad for Sale
2024-08-05,VIU Premium,547748.0,472799.47985882795,340832.0,Normal Sale
2024-08-06,VIU Premium,323832.0,486426.4835208592,547748.0,Bad for Sale
2024-08-07,VIU Premium,382916.0,456863.85015343025,323832.0,Bad for Sale
2024-08-08,VIU Premium,171916.0,443418.78648917016,382916.0,Bad for Sale
2024-08-09,VIU Premium,594748.0,394054.64349113917,171916.0,Normal Sale
2024-08-10,VIU Premium,638790.0,430544.3446745684,594748.0,Normal Sale
2024-08-11,VIU Premium,870706.0,468407.1910973741,638790.0,Normal Sale
2024-08-12,VIU Premium,895664.0,541552.4290796698,870706.0,Normal Sale
2024-08-13,VIU Premium,831664.0,605936.3510651843,895664.0,Normal Sale
2024-08-14,VIU Premium,360958.0,646977.7417806054,831664.0,Bad for Sale
2024-08-15,VIU Premium,246832.0,594974.1523659498,360958.0,Bad for Sale
2024-08-16,VIU Premium,151958.0,531675.5792085043,246832.0,Bad for Sale
2024-08-17,VIU Premium,96000.0,462636.0193524126,151958.0,Bad for Sale
2024-08-18,VIU Premium,196000.0,395974.9249247012,96000.0,Bad for Sale
2024-08-19,VIU Premium,176958.0,359615.8476656646,196000.0,Bad for Sale
2024-08-20,VIU Premium,132958.0,326405.32990827103,176958.0,Bad for Sale
2024-08-21,VIU Premium,281916.0,291233.0881067672,132958.0,Bad for Sale
2024-08-22,VIU Premium,404790.0,289539.07208735496,281916.0,Bad for Sale
2024-08-23,VIU Premium,686748.0,310493.78625329037,404790.0,Normal Sale
2024-08-24,VIU Premium,1656496.0,378903.64329814666,686748.0,Good for Sale
2024-08-25,VIU Premium,806832.0,611193.1626984836,1656496.0,Normal Sale
2024-08-26,VIU Premium,1687950.0,646763.8603896684,806832.0,Good for Sale
2024-08-27,VIU Premium,1221328.0,836070.4312279104,1687950.0,Good for Sale
2024-08-28,VIU Premium,826454.0,906117.2619137448,1221328.0,Normal Sale
2024-08-29,VIU Premium,271790.0,891633.0324748821,826454.0,Bad for Sale
2024-08-30,VIU Premium,823748.0,778934.2992976308,271790.0,Normal Sale
2024-08-31,VIU Premium,1620244.0,787082.2448798798,823748.0,Good for Sale
2024-09-01,VIU Premium,704664.0,938566.2003562653,1620244.0,Normal Sale
2024-09-02,VIU Premium,880454.0,896038.527564217,704664.0,Normal Sale
2024-09-03,VIU Premium,566832.0,893204.9770979956,880454.0,Normal Sale
2024-09-04,VIU Premium,184958.0,833864.4358074509,566832.0,Bad for Sale
2024-09-05,VIU Premium,141000.0,715881.4474788235,184958.0,Bad for Sale
2024-09-06,VIU Premium,391000.0,611357.5479372191,141000.0,Bad for Sale
2024-09-07,VIU Premium,904706.0,571292.539221361,391000.0,Normal Sale
2024-09-08,VIU Premium,614874.0,631913.1684538408,904706.0,Normal Sale
2024-09-09,VIU Premium,449832.0,628815.1378258697,614874.0,Bad for Sale
2024-09-10,VIU Premium,508832.0,596272.749130257,449832.0,Normal Sale
2024-09-11,VIU Premium,933580.0,580374.4311065739,508832.0,Normal Sale
2024-09-12,VIU Premium,1525202.0,644593.6254508332,933580.0,Good for Sale
2024-09-13,VIU Premium,1650824.0,804704.2390052271,1525202.0,Good for Sale
2024-09-14,VIU Premium,775496.0,958544.1955497311,1650824.0,Normal Sale
2024-09-15,VIU Premium,1106412.0,925262.70544978,775496.0,Good for Sale
2024-09-16,VIU Premium,1899286.0,958198.9408225473,1106412.0,Good for Sale
2024-09-17,VIU Premium,1096328.0,1129305.6788548115,1899286.0,Good for Sale
2024-09-18,VIU Premium,1508118.0,1123309.7372448458,1096328.0,Good for Sale
2024-09-19,VIU Premium,1936244.0,1193274.875927601,1508118.0,Good for Sale
2024-09-20,VIU Premium,1381454.0,1328360.1712134918,1936244.0,Good for Sale
2024-09-21,VIU Premium,1773824.0,1338013.5946292204,1381454.0,Good for Sale
2024-09-22,VIU Premium,1475244.0,1417251.8501511803,1773824.0,Good for Sale
2024-09-23,VIU Premium,912496.0,1427795.87739642,1475244.0,Normal Sale
2024-09-24,VIU Premium,672706.0,1334104.9905970711,912496.0,Normal Sale
2024-09-25,VIU Premium,1049580.0,1213850.6286703309,672706.0,Good for Sale
2024-09-26,VIU Premium,978538.0,1183983.2416393615,1049580.0,Normal Sale
2024-09-27,VIU Premium,1386328.0,1146629.5613412957,978538.0,Good for Sale
2024-09-28,VIU Premium,1591412.0,1190211.0956428782,1386328.0,Good for Sale
2024-09-29,VIU Premium,1973160.0,1263156.7146169003,1591412.0,Good for Sale
2024-09-30,VIU Premium,1397244.0,1392248.2210501912,1973160.0,Good for Sale
2024-10-01,VIU Premium,1363538.0,1393156.544495611,1397244.0,Good for Sale
2024-10-02,VIU Premium,1170538.0,1387771.354587318,1363538.0,Good for Sale
2024-10-03,VIU Premium,1217412.0,1348274.3810259872,1170538.0,Good for Sale
2024-10-04,VIU Premium,1313160.0,1324481.220839444,1217412.0,Good for Sale
2024-10-05,VIU Premium,1177412.0,1322422.8170504542,1313160.0,Good for Sale
2024-10-06,VIU Premium,1049664.0,1296057.2139503716,1177412.0,Good for Sale
2024-10-07,VIU Premium,1158454.0,1251258.4477775767,1049664.0,Good for Sale
2024-10-08,VIU Premium,794538.0,1234384.9118180173,1158454.0,Normal Sale
2024-10-09,VIU Premium,1302076.0,1154412.7460329232,794538.0,Good for Sale
2024-10-10,VIU Premium,1115160.0,1181260.6103905735,1302076.0,Good for Sale
2024-10-11,VIU Premium,1563950.0,1169242.3175922874,1115160.0,Good for Sale
2024-10-12,VIU Premium,1016370.0,1241007.350757326,1563950.0,Good for Sale
2024-10-13,VIU Premium,816580.0,1200164.1960741756,1016370.0,Normal Sale
2024-10-14,VIU Premium,1451244.0,1130421.61496978,816580.0,Good for Sale
2024-10-15,VIU Premium,1954076.0,1188752.9577025473,1451244.0,Good for Sale
2024-10-16,VIU Premium,2239698.0,1327902.6017566295,1954076.0,Good for Sale
2024-10-17,VIU Premium,2562942.0,1493683.583255424,2239698.0,Good for Sale
2024-10-18,VIU Premium,1840076.0,1688094.2044817104,2562942.0,Good for Sale
2024-10-19,VIU Premium,1470664.0,1715727.2582123084,1840076.0,Good for Sale
2024-10-20,VIU Premium,1592370.0,1671170.3021737067,1470664.0,Good for Sale
2024-10-21,VIU Premium,1059412.0,1656842.9745057598,1592370.0,Good for Sale
2024-10-22,VIU Premium,1891286.0,1548219.1609592577,1059412.0,Good for Sale
2024-10-23,VIU Premium,1718076.0,1610594.9498757564,1891286.0,Good for Sale
2024-10-24,VIU Premium,1565244.0,1630136.9589892551,1718076.0,Good for Sale
2024-10-25,VIU Premium,975580.0,1618338.2391730268,1565244.0,Normal Sale
2024-10-26,VIU Premium,1178454.0,1501473.104777931,975580.0,Good for Sale
2024-10-27,VIU Premium,1009412.0,1442742.3584546708,1178454.0,Good for Sale
2024-10-28,VIU Premium,1243370.0,1363955.0205538215,1009412.0,Good for Sale
2024-10-29,VIU Premium,1094370.0,1342030.4713622176,1243370.0,Good for Sale
2024-10-30,VIU Premium,499538.0,1297001.2947509051,1094370.0,Bad for Sale
2024-10-31,VIU Premium,760790.0,1152007.9684325585,499538.0,Normal Sale
2024-11-01,VIU Premium,818706.0,1080877.4287175478,760790.0,Normal Sale
2024-11-02,VIU Premium,673538.0,1033209.8962234481,818706.0,Normal Sale
2024-11-03,VIU Premium,778580.0,967815.006001003,673538.0,Normal Sale
2024-11-04,VIU Premium,708790.0,933408.6412735478,778580.0,Normal Sale
2024-11-05,VIU Premium,658832.0,892568.8883147208,708790.0,Normal Sale
2024-11-06,VIU Premium,789664.0,850071.2722574988,658832.0,Normal Sale
2024-11-07,VIU Premium,713622.0,839088.1318470445,789664.0,Normal Sale
2024-11-08,VIU Premium,675748.0,816276.1078748546,713622.0,Normal Sale
2024-11-09,VIU Premium,673706.0,790725.5428066992,675748.0,Normal Sale
2024-11-10,VIU Premium,1059496.0,769449.2622963901,673706.0,Good for Sale
2024-11-11,VIU Premium,867664.0,822185.0327879555,1059496.0,Normal Sale
2024-11-12,VIU Premium,621412.0,830453.9359174181,867664.0,Normal Sale
2024-11-13,VIU Premium,484874.0,792446.3112051602,621412.0,Bad for Sale
2024-11-14,VIU Premium,671706.0,736524.0728042219,484874.0,Normal Sale
2024-11-15,VIU Premium,685538.0,724738.9686579996,671706.0,Normal Sale
2024-11-16,VIU Premium,758622.0,717611.5198110905,685538.0,Normal Sale
2024-11-17,VIU Premium,865454.0,725067.9707545285,758622.0,Normal Sale
2024-11-18,VIU Premium,552664.0,750592.7033446142,865454.0,Normal Sale
2024-11-19,VIU Premium,1440244.0,714605.6663728661,552664.0,Good for Sale
2024-11-20,VIU Premium,3211194.0,846539.9088505269,1440244.0,Good for Sale
2024-11-21,VIU Premium,2551194.0,1276477.0163322492,3211194.0,Good for Sale
2024-11-22,VIU Premium,1717286.0,1508243.7406354765,2551194.0,Good for Sale
2024-11-23,VIU Premium,1606076.0,1546251.4241562989,1717286.0,Good for Sale
2024-11-24,VIU Premium,1873328.0,1557128.6197642444,1606076.0,Good for Sale
2024-11-25,VIU Premium,2322656.0,1614619.4161707452,1873328.0,Good for Sale
2024-11-26,VIU Premium,3844858.0,1743353.3405033369,2322656.0,Good for Sale
2024-11-27,VIU Premium,4254598.0,2125445.0967754573,3844858.0,Good for Sale
2024-11-28,VIU Premium,3210194.0,2512563.806452647,4254598.0,Good for Sale
2024-11-29,VIU Premium,1766740.0,2639405.659824893,3210194.0,Good for Sale
2024-11-30,VIU Premium,1633866.0,2480739.1762203667,1766740.0,Good for Sale
2024-12-01,VIU Premium,1790286.0,2326762.235089391,1633866.0,Good for Sale
2024-12-02,VIU Premium,2691278.0,2229221.1014367742,1790286.0,Good for Sale
2024-12-03,VIU Premium,3471152.0,2313231.446630088,2691278.0,Good for Sale
2024-12-04,VIU Premium,2223824.0,2523762.4563337085,3471152.0,Good for Sale
2024-12-05,VIU Premium,2001950.0,2469228.191545761,2223824.0,Good for Sale
2024-12-06,VIU Premium,2084866.0,2384268.5203556227,2001950.0,Good for Sale
2024-12-07,VIU Premium,1379286.0,2329831.698472782,2084866.0,Good for Sale
2024-12-08,VIU Premium,1359496.0,2157005.207841367,1379286.0,Good for Sale
2024-12-09,VIU Premium,2216698.0,2012003.5336883909,1359496.0,Good for Sale
2024-12-10,VIU Premium,2370782.0,2049220.7093814106,2216698.0,Good for Sale
2024-12-11,VIU Premium,1577370.0,2107686.3985847905,2370782.0,Good for Sale
2024-12-12,VIU Premium,1384118.0,2011265.2352057376,1577370.0,Good for Sale
2024-12-13,VIU Premium,1368328.0,1897238.4651683306,1384118.0,Good for Sale
2024-12-14,VIU Premium,1974118.0,1801072.926046816,1368328.0,Good for Sale
2024-12-15,VIU Premium,1798454.0,1832535.6667655765,1974118.0,Good for Sale
2024-12-16,VIU Premium,2646236.0,1826339.0000809259,1798454.0,Good for Sale
2024-12-17,VIU Premium,7414574.0,1975411.1818843938,2646236.0,Good for Sale
2024-12-18,VIU Premium,4638766.0,2964349.8760872316,7414574.0,Good for Sale
2024-12-19,VIU Premium,3757186.0,3268789.171344098,4638766.0,Good for Sale
2024-12-20,VIU Premium,2831320.0,3357588.5947360797,3757186.0,Good for Sale
2024-12-21,VIU Premium,2500320.0,3261903.395693156,2831320.0,Good for Sale
2024-12-22,VIU Premium,2653446.0,3123433.687385309,2500320.0,Good for Sale
2024-12-23,VIU Premium,4345892.0,3037981.38058798,2653446.0,Good for Sale
2024-12-24,VIU Premium,4361144.0,3275783.3113901652,4345892.0,Good for Sale
2024-12-25,VIU Premium,965622.0,3473121.6184101347,4361144.0,Normal Sale
2024-12-26,VIU Premium,3297404.0,3017212.596881019,965622.0,Good for Sale
2024-12-27,VIU Premium,1278496.0,3068156.488357197,3297404.0,Good for Sale
2024-12-28,VIU Premium,837622.0,2742763.672292252,1278496.0,Normal Sale
2024-12-29,VIU Premium,592916.0,2396374.277330024,837622.0,Normal Sale
2024-12-30,VIU Premium,1215824.0,2068472.7723609288,592916.0,Good for Sale
2024-12-31,VIU Premium,745622.0,1913445.72284076,1215824.0,Normal Sale
2025-01-01,VIU Premium,1132580.0,1701114.1368697127,745622.0,Good for Sale
2025-01-02,VIU Premium,2213160.0,1597744.2938024923,1132580.0,Good for Sale
2025-01-03,VIU Premium,2802816.0,1709638.0585656755,2213160.0,Good for Sale
2025-01-04,VIU Premium,1625160.0,1908397.6842810072,2802816.0,Good for Sale
2025-01-05,VIU Premium,1016412.0,1856899.9235026422,1625160.0,Good for Sale
2025-01-06,VIU Premium,1675118.0,1704083.9374112526,1016412.0,Good for Sale
2025-01-07,VIU Premium,1707328.0,1698817.4033364793,1675118.0,Good for Sale
2025-01-08,VIU Premium,1661244.0,1700364.7845480284,1707328.0,Good for Sale
2025-01-09,VIU Premium,1675076.0,1693251.914630205,1661244.0,Good for Sale
2025-01-10,VIU Premium,1421412.0,1689947.2028792584,1675076.0,Good for Sale
2025-01-11,VIU Premium,824664.0,1641122.6205375749,1421412.0,Normal Sale
2025-01-12,VIU Premium,1042580.0,1492675.5986216522,824664.0,Good for Sale
2025-01-13,VIU Premium,1739118.0,1410840.0352358972,1042580.0,Good for Sale
2025-01-14,VIU Premium,1733740.0,1470526.9379202793,1739118.0,Good for Sale
2025-01-15,VIU Premium,1490286.0,1518383.8582984104,1733740.0,Good for Sale
2025-01-16,VIU Premium,1405202.0,1513275.1567896083,1490286.0,Good for Sale
2025-01-17,VIU Premium,1209538.0,1493625.4919187704,1405202.0,Good for Sale
2025-01-18,VIU Premium,866412.0,1441973.220660812,1209538.0,Normal Sale
2025-01-19,VIU Premium,1243538.0,1337325.7259952098,866412.0,Good for Sale
2025-01-20,VIU Premium,1426076.0,1320273.4121778987,1243538.0,Good for Sale
2025-01-21,VIU Premium,1213202.0,1339510.2463273716,1426076.0,Good for Sale
2025-01-22,VIU Premium,1386328.0,1316545.1106314857,1213202.0,Good for Sale
2025-01-23,VIU Premium,1461202.0,1329232.9086984883,1386328.0,Good for Sale
2025-01-24,VIU Premium,2329698.0,1353227.2889351267,1461202.0,Good for Sale
2025-01-25,VIU Premium,1411454.0,1530767.418219649,2329698.0,Good for Sale
2025-01-26,VIU Premium,1371160.0,1509074.06945244,1411454.0,Good for Sale
2025-01-27,VIU Premium,2339698.0,1483998.7840974508,1371160.0,Good for Sale
2025-01-28,VIU Premium,1394202.0,1639580.459716096,2339698.0,Good for Sale
2025-01-29,VIU Premium,1285118.0,1594966.1943131695,1394202.0,Good for Sale
2025-01-30,VIU Premium,1499950.0,1538630.158983502,1285118.0,Good for Sale
2025-01-31,VIU Premium,3159034.0,1531597.4028046834,1499950.0,Good for Sale
2025-02-01,VIU Premium,2242782.0,1827494.9659311045,3159034.0,Good for Sale
2025-02-02,VIU Premium,1092454.0,1903001.6993981763,2242782.0,Good for Sale
2025-02-03,VIU Premium,2252244.0,1755629.3904166897,1092454.0,Good for Sale
2025-02-04,VIU Premium,1563412.0,1845922.9557954734,2252244.0,Good for Sale
2025-02-05,VIU Premium,1502160.0,1794557.3274690236,1563412.0,Good for Sale
2025-02-06,VIU Premium,3838396.0,1741394.1770201102,1502160.0,Good for Sale
2025-02-07,VIU Premium,4302438.0,2122667.2357437266,3838396.0,Good for Sale
2025-02-08,VIU Premium,4064732.0,2518989.1928812307,4302438.0,Good for Sale
2025-02-09,VIU Premium,4183110.0,2800033.339630098,4064732.0,Good for Sale
2025-02-10,VIU Premium,2518362.0,3051501.8233337165,4183110.0,Good for Sale
2025-02-11,VIU Premium,3191320.0,2954567.3100003134,2518362.0,Good for Sale
2025-02-12,VIU Premium,1350034.0,2997613.25363662,3191320.0,Good for Sale
2025-02-13,VIU Premium,4074480.0,2698053.389339052,1350034.0,Good for Sale
2025-02-14,VIU Premium,3170194.0,2948312.7730955877,4074480.0,Good for Sale
2025-02-15,VIU Premium,3549858.0,2988654.814350935,3170194.0,Good for Sale
2025-02-16,VIU Premium,3357152.0,3090691.7571962196,3549858.0,Good for Sale
2025-02-17,VIU Premium,2354614.0,3139139.074069634,3357152.0,Good for Sale
2025-02-18,VIU Premium,2316614.0,2996498.1515115183,2354614.0,Good for Sale
2025-02-19,VIU Premium,1661244.0,2872882.8512366964,2316614.0,Good for Sale
2025-02-20,VIU Premium,1614866.0,2652584.87828457,1661244.0,Good for Sale
2025-02-21,VIU Premium,2545076.0,2463908.718596466,1614866.0,Good for Sale
2025-02-22,VIU Premium,2547992.0,2478666.406124381,2545076.0,Good for Sale
2025-02-23,VIU Premium,2774698.0,2491271.0595563115,2547992.0,Good for Sale
2025-02-24,VIU Premium,2610992.0,2542803.230546073,2774698.0,Good for Sale
2025-02-25,VIU Premium,1684118.0,2555201.188628605,2610992.0,Good for Sale
2025-02-26,VIU Premium,1813992.0,2396822.427059768,1684118.0,Good for Sale
2025-02-27,VIU Premium,1875656.0,2290853.2585034464,1813992.0,Good for Sale
2025-02-28,VIU Premium,2349908.0,2215362.847866456,1875656.0,Good for Sale
2025-03-01,VIU Premium,5307850.0,2239825.6027998272,2349908.0,Good for Sale
2025-03-02,VIU Premium,6941816.0,2797648.220472586,5307850.0,Good for Sale
2025-03-03,VIU Premium,4375942.0,3551133.271295752,6941816.0,Good for Sale
2025-03-04,VIU Premium,4478858.0,3701098.4946965245,4375942.0,Good for Sale
2025-03-05,VIU Premium,3104824.0,3842509.313842611,4478858.0,Good for Sale
2025-03-06,VIU Premium,2878656.0,3708384.7113257726,3104824.0,Good for Sale
2025-03-07,VIU Premium,3982984.0,3557524.9456301774,2878656.0,Good for Sale
2025-03-08,VIU Premium,4088900.0,3634881.1373337815,3982984.0,Good for Sale
2025-03-09,VIU Premium,5846774.0,3717430.021454912,4088900.0,Good for Sale
2025-03-10,VIU Premium,2751614.0,4104583.4720994737,5846774.0,Good for Sale
2025-03-11,VIU Premium,2361160.0,3858589.022626842,2751614.0,Good for Sale
2025-03-12,VIU Premium,1799404.0,3586329.2003310523,2361160.0,Good for Sale
2025-03-13,VIU Premium,3254068.0,3261433.70936177,1799404.0,Good for Sale
2025-03-14,VIU Premium,2849530.0,3260094.4894778114,3254068.0,Good for Sale
2025-03-15,VIU Premium,4093648.0,3185446.4004818457,2849530.0,Good for Sale
2025-03-16,VIU Premium,4551858.0,3350573.9640306006,4093648.0,Good for Sale
2025-03-17,VIU Premium,3446320.0,3568989.243297764,4551858.0,Good for Sale
2025-03-18,VIU Premium,3835018.0,3546685.744516352,3446320.0,Good for Sale
2025-03-19,VIU Premium,3734312.0,3599109.7909679245,3835018.0,Good for Sale
2025-03-20,VIU Premium,2468362.0,3623692.0107919383,3734312.0,Good for Sale
2025-03-21,VIU Premium,2622740.0,3413632.0088297674,2468362.0,Good for Sale
2025-03-22,VIU Premium,2641152.0,3269833.4617698095,2622740.0,Good for Sale
2025-03-23,VIU Premium,2761530.0,3155527.7414480257,2641152.0,Good for Sale
2025-03-24,VIU Premium,2156950.0,3083891.7884574756,2761530.0,Good for Sale
2025-03-25,VIU Premium,4685312.0,2915356.917828844,2156950.0,Good for Sale
2025-03-26,VIU Premium,3517564.0,3237166.932769054,4685312.0,Good for Sale
2025-03-27,VIU Premium,3056648.0,3288148.2177201346,3517564.0,Good for Sale
2025-03-28,VIU Premium,3134816.0,3246057.2690437464,3056648.0,Good for Sale
2025-03-29,VIU Premium,4809018.0,3225831.583763065,3134816.0,Good for Sale
2025-03-30,VIU Premium,4364144.0,3513683.6594425077,4809018.0,Good for Sale
2025-03-31,VIU Premium,3538396.0,3668312.8122711424,4364144.0,Good for Sale
2024-01-02,Vidio Premier,224538.0,2908248.9494559467,109832.0,Bad for Sale
2024-01-03,Vidio Premier,136748.0,2420301.50410032,224538.0,Bad for Sale
2024-01-04,Vidio Premier,136748.0,2005109.9579002615,136748.0,Bad for Sale
2024-01-05,Vidio Premier,123374.0,1665407.7837365775,136748.0,Bad for Sale
2024-01-06,Vidio Premier,296496.0,1385038.0048753815,123374.0,Bad for Sale
2024-01-07,Vidio Premier,56874.0,1187121.2767162211,296496.0,Bad for Sale
2024-01-08,Vidio Premier,39916.0,981621.7718587263,56874.0,Bad for Sale
2024-01-09,Vidio Premier,36916.0,810402.5406116851,39916.0,Bad for Sale
2024-01-10,Vidio Premier,49916.0,669768.6241368332,36916.0,Bad for Sale
2024-01-11,Vidio Premier,66874.0,557068.1470210453,49916.0,Bad for Sale
2024-01-12,Vidio Premier,93790.0,467941.9384717643,66874.0,Bad for Sale
2024-01-13,Vidio Premier,150290.0,399914.3132950799,93790.0,Bad for Sale
2024-01-14,Vidio Premier,19958.0,354528.07451415627,150290.0,Bad for Sale
2024-01-15,Vidio Premier,109832.0,293697.1518752188,19958.0,Bad for Sale
2024-01-16,Vidio Premier,116790.0,260267.12426154263,109832.0,Bad for Sale
2024-01-17,Vidio Premier,156706.0,234180.37439580756,116790.0,Bad for Sale
2024-01-18,Vidio Premier,240580.0,220094.12450566073,156706.0,Bad for Sale
2024-01-19,Vidio Premier,90790.0,223818.82914099513,240580.0,Bad for Sale
2024-01-20,Vidio Premier,116790.0,199631.76929717785,90790.0,Bad for Sale
2024-01-21,Vidio Premier,113374.0,184569.62942496367,116790.0,Bad for Sale
2024-01-22,Vidio Premier,69874.0,171624.96952951574,113374.0,Bad for Sale
2024-01-23,Vidio Premier,39916.0,153124.79325142197,69874.0,Bad for Sale
2024-01-24,Vidio Premier,86832.0,132541.37629661796,39916.0,Bad for Sale
2024-01-25,Vidio Premier,69874.0,124230.58060632378,86832.0,Bad for Sale
2024-01-26,Vidio Premier,133748.0,114347.56595062854,69874.0,Bad for Sale
2024-01-27,Vidio Premier,119790.0,117874.91759596881,133748.0,Bad for Sale
2024-01-28,Vidio Premier,83832.0,118223.11439670176,119790.0,Bad for Sale
2024-01-29,Vidio Premier,53874.0,111970.18450639234,83832.0,Bad for Sale
2024-01-30,Vidio Premier,193622.0,101407.24186886646,53874.0,Bad for Sale
2024-01-31,Vidio Premier,16958.0,118173.56152907255,193622.0,Bad for Sale
2024-02-01,Vidio Premier,176290.0,99770.73216015026,16958.0,Bad for Sale
2024-02-02,Vidio Premier,163706.0,113683.3263128502,176290.0,Bad for Sale
2024-02-03,Vidio Premier,303496.0,122778.35789233199,163706.0,Bad for Sale
2024-02-04,Vidio Premier,495034.0,155636.11100281708,303496.0,Bad for Sale
2024-02-05,Vidio Premier,113790.0,217344.81809321395,495034.0,Bad for Sale
2024-02-06,Vidio Premier,83832.0,198516.66934899322,113790.0,Bad for Sale
2024-02-07,Vidio Premier,39916.0,177664.9112855399,83832.0,Bad for Sale
2024-02-08,Vidio Premier,274454.0,152619.65468816902,39916.0,Bad for Sale
2024-02-09,Vidio Premier,133748.0,174771.35383577464,274454.0,Bad for Sale
2024-02-10,Vidio Premier,211538.0,167312.56222927014,133748.0,Bad for Sale
2024-02-12,Vidio Premier,238496.0,175353.55091485736,211538.0,Bad for Sale
2024-02-13,Vidio Premier,123790.0,186833.9962030651,238496.0,Bad for Sale
2024-02-14,Vidio Premier,103790.0,175371.45143887145,123790.0,Bad for Sale
2024-02-15,Vidio Premier,53874.0,162356.64208634934,103790.0,Bad for Sale
2024-02-16,Vidio Premier,113748.0,142632.52534337674,53874.0,Bad for Sale
2024-02-17,Vidio Premier,140706.0,137380.79346276278,113748.0,Bad for Sale
2024-02-18,Vidio Premier,149748.0,137985.3764695332,140706.0,Bad for Sale
2024-02-19,Vidio Premier,163706.0,140124.03529325442,149748.0,Bad for Sale
2024-02-20,Vidio Premier,156706.0,144411.66523993542,163706.0,Bad for Sale
2024-02-21,Vidio Premier,136790.0,146646.9988326744,156706.0,Bad for Sale
2024-02-22,Vidio Premier,133706.0,144854.8172267336,136790.0,Bad for Sale
2024-02-23,Vidio Premier,351328.0,142827.75954914567,133706.0,Bad for Sale
2024-02-24,Vidio Premier,284038.0,180736.89417657373,351328.0,Bad for Sale
2024-02-25,Vidio Premier,123748.0,199518.9134171967,284038.0,Bad for Sale
2024-02-26,Vidio Premier,130748.0,185742.3837049791,123748.0,Bad for Sale
2024-02-27,Vidio Premier,146748.0,175743.40484952834,130748.0,Bad for Sale
2024-02-28,Vidio Premier,76832.0,170471.513058705,146748.0,Bad for Sale
2024-02-29,Vidio Premier,140748.0,153446.14704803136,76832.0,Bad for Sale
2024-03-01,Vidio Premier,136332.0,151137.39303929836,140748.0,Bad for Sale
2024-03-02,Vidio Premier,156706.0,148445.50339578956,136332.0,Bad for Sale
2024-03-03,Vidio Premier,538080.0,149947.41186928237,156706.0,Normal Sale
2024-03-04,Vidio Premier,220580.0,220516.97334759467,538080.0,Bad for Sale
2024-03-05,Vidio Premier,146332.0,220528.4327389411,220580.0,Bad for Sale
2024-03-06,Vidio Premier,176664.0,207038.1722409518,146332.0,Bad for Sale
2024-03-07,Vidio Premier,93790.0,201515.59546986964,176664.0,Bad for Sale
2024-03-08,Vidio Premier,193664.0,181929.12356625695,93790.0,Bad for Sale
2024-03-09,Vidio Premier,422118.0,184062.73746330116,193664.0,Bad for Sale
2024-03-10,Vidio Premier,455538.0,227345.51246997365,422118.0,Bad for Sale
2024-03-11,Vidio Premier,497660.0,268835.05565725116,455538.0,Bad for Sale
2024-03-12,Vidio Premier,491118.0,310439.5909922964,497660.0,Bad for Sale
2024-03-13,Vidio Premier,260538.0,343290.2108118789,491118.0,Bad for Sale
2024-03-14,Vidio Premier,213622.0,328244.3543006282,260538.0,Bad for Sale
2024-03-15,Vidio Premier,176706.0,307403.9262459685,213622.0,Bad for Sale
2024-03-16,Vidio Premier,218496.0,283640.66692851967,176706.0,Bad for Sale
2024-03-17,Vidio Premier,868194.0,271796.1820324252,218496.0,Normal Sale
2024-03-18,Vidio Premier,383828.0,380232.1489356206,868194.0,Bad for Sale
2024-03-19,Vidio Premier,418160.0,380885.94003823504,383828.0,Bad for Sale
2024-03-20,Vidio Premier,223580.0,387663.041849465,418160.0,Bad for Sale
2024-03-21,Vidio Premier,565740.0,357829.7615131986,223580.0,Normal Sale
2024-03-22,Vidio Premier,880026.0,395631.62305625336,565740.0,Normal Sale
2024-03-23,Vidio Premier,605656.0,483703.3279551164,880026.0,Normal Sale
2024-03-24,Vidio Premier,799236.0,505876.5410541862,605656.0,Normal Sale
2024-03-25,Vidio Premier,518866.0,559214.6244988795,799236.0,Normal Sale
2024-03-26,Vidio Premier,33916.0,551878.5109536287,518866.0,Bad for Sale
2024-03-27,Vidio Premier,100790.0,457703.5089620598,33916.0,Bad for Sale
2024-03-28,Vidio Premier,207580.0,392810.1436962307,100790.0,Bad for Sale
2024-03-29,Vidio Premier,106416.0,359131.9357514615,207580.0,Bad for Sale
2024-03-30,Vidio Premier,104748.0,313183.5837966503,106416.0,Bad for Sale
2024-03-31,Vidio Premier,119000.0,275286.20492453204,104748.0,Bad for Sale
2024-04-01,Vidio Premier,96832.0,246870.53130188983,119000.0,Bad for Sale
2024-04-02,Vidio Premier,96832.0,219590.79833790983,96832.0,Bad for Sale
2024-04-03,Vidio Premier,16958.0,197271.0168219262,96832.0,Bad for Sale
2024-04-04,Vidio Premier,150290.0,164486.83194521233,16958.0,Bad for Sale
2024-04-05,Vidio Premier,39916.0,161905.58977335555,150290.0,Bad for Sale
2024-04-06,Vidio Premier,16958.0,139725.66436001819,39916.0,Bad for Sale
2024-04-07,Vidio Premier,106416.0,117404.27084001487,16958.0,Bad for Sale
2024-04-08,Vidio Premier,53874.0,115406.40341455762,106416.0,Bad for Sale
2024-04-09,Vidio Premier,86832.0,104218.69370281987,53874.0,Bad for Sale
2024-04-10,Vidio Premier,207580.0,101057.47666594353,86832.0,Bad for Sale
2024-04-11,Vidio Premier,63874.0,120425.20818122651,207580.0,Bad for Sale
2024-04-12,Vidio Premier,53874.0,110143.1703300944,63874.0,Bad for Sale
2024-04-14,Vidio Premier,133332.0,99912.41208825907,53874.0,Bad for Sale
2024-04-15,Vidio Premier,103790.0,105988.7007994847,133332.0,Bad for Sale
2024-04-16,Vidio Premier,106790.0,105588.9370177602,103790.0,Bad for Sale
2024-04-17,Vidio Premier,19958.0,105807.31210544016,106790.0,Bad for Sale
2024-04-18,Vidio Premier,36916.0,90198.3462680874,19958.0,Bad for Sale
2024-04-19,Vidio Premier,79832.0,80510.64694661697,36916.0,Bad for Sale
2024-04-20,Vidio Premier,166664.0,80387.2565926866,79832.0,Bad for Sale
2024-04-21,Vidio Premier,136706.0,96073.93721219811,166664.0,Bad for Sale
2024-04-22,Vidio Premier,241454.0,103461.58499179846,136706.0,Bad for Sale
2024-04-23,Vidio Premier,39916.0,128551.11499328964,241454.0,Bad for Sale
2024-04-24,Vidio Premier,59874.0,112435.63953996424,39916.0,Bad for Sale
2024-04-25,Vidio Premier,360244.0,102878.97780542528,59874.0,Bad for Sale
2024-04-26,Vidio Premier,170664.0,149672.61820443886,360244.0,Bad for Sale
2024-04-27,Vidio Premier,227496.0,153489.23307635906,170664.0,Bad for Sale
2024-04-28,Vidio Premier,184580.0,166945.0088806574,227496.0,Bad for Sale
2024-04-29,Vidio Premier,147664.0,170151.37090235605,184580.0,Bad for Sale
2024-04-30,Vidio Premier,401160.0,166062.75801101857,147664.0,Bad for Sale
2024-05-01,Vidio Premier,167622.0,208807.7110999243,401160.0,Bad for Sale
2024-05-02,Vidio Premier,116748.0,201319.39999084713,167622.0,Bad for Sale
2024-05-03,Vidio Premier,174622.0,185942.7818106931,116748.0,Bad for Sale
2024-05-04,Vidio Premier,315286.0,183884.45784511254,174622.0,Bad for Sale
2024-05-05,Vidio Premier,93790.0,207775.64732781934,315286.0,Bad for Sale
2024-05-06,Vidio Premier,100790.0,187050.9841773067,93790.0,Bad for Sale
2024-05-07,Vidio Premier,136332.0,171367.16887234186,100790.0,Bad for Sale
2024-05-08,Vidio Premier,83832.0,164997.1381682797,136332.0,Bad for Sale
2024-05-09,Vidio Premier,119748.0,150239.84031950156,83832.0,Bad for Sale
2024-05-10,Vidio Premier,193580.0,144695.86935231945,119748.0,Bad for Sale
2024-05-11,Vidio Premier,334870.0,153583.8931064432,193580.0,Bad for Sale
2024-05-12,Vidio Premier,113748.0,186545.00345072625,334870.0,Bad for Sale
2024-05-13,Vidio Premier,79832.0,173309.1846415033,113748.0,Bad for Sale
2024-05-14,Vidio Premier,461076.0,156313.3328885027,79832.0,Bad for Sale
2024-05-15,Vidio Premier,76832.0,211724.72690877493,461076.0,Bad for Sale
2024-05-16,Vidio Premier,113748.0,187198.77656172495,76832.0,Bad for Sale
2024-05-17,Vidio Premier,76832.0,173844.0899141386,113748.0,Bad for Sale
2024-05-18,Vidio Premier,170622.0,156205.52811156795,76832.0,Bad for Sale
2024-05-19,Vidio Premier,96416.0,158826.7048185556,170622.0,Bad for Sale
2024-05-20,Vidio Premier,19958.0,147479.30394245457,96416.0,Bad for Sale
2024-05-21,Vidio Premier,110748.0,124293.61231655374,19958.0,Bad for Sale
2024-05-22,Vidio Premier,96790.0,121830.77371354397,110748.0,Bad for Sale
2024-05-23,Vidio Premier,106790.0,117277.90576562689,96790.0,Bad for Sale
2024-05-24,Vidio Premier,173622.0,115371.01380824017,106790.0,Bad for Sale
2024-05-25,Vidio Premier,180622.0,125962.10220674195,173622.0,Bad for Sale
2024-05-26,Vidio Premier,486950.0,135900.26544187978,180622.0,Bad for Sale
2024-05-27,Vidio Premier,116748.0,199727.48990699253,486950.0,Bad for Sale
2024-05-28,Vidio Premier,176622.0,184640.30992390297,116748.0,Bad for Sale
2024-05-29,Vidio Premier,123748.0,183182.43539228424,176622.0,Bad for Sale
2024-05-30,Vidio Premier,157664.0,172376.1744118689,123748.0,Bad for Sale
2024-05-31,Vidio Premier,616740.0,169701.2336097109,157664.0,Normal Sale
2024-06-01,Vidio Premier,707530.0,250981.0093170362,616740.0,Normal Sale
2024-06-02,Vidio Premier,837278.0,333989.9167139387,707530.0,Normal Sale
2024-06-03,Vidio Premier,519908.0,425496.840947768,837278.0,Normal Sale
2024-06-04,Vidio Premier,589740.0,442662.506229992,519908.0,Normal Sale
2024-06-05,Vidio Premier,367202.0,469403.8687336298,589740.0,Bad for Sale
2024-06-06,Vidio Premier,660656.0,450821.71078206075,367202.0,Normal Sale
2024-06-07,Vidio Premier,294370.0,488973.3997307769,660656.0,Bad for Sale
2024-06-08,Vidio Premier,200580.0,453590.9634160902,294370.0,Bad for Sale
2024-06-09,Vidio Premier,123748.0,407588.97006771015,200580.0,Bad for Sale
2024-06-10,Vidio Premier,266454.0,355981.5209644901,123748.0,Bad for Sale
2024-06-11,Vidio Premier,4228138.0,339703.7898800373,266454.0,Good for Sale
2024-06-12,Vidio Premier,912110.0,1046691.8280836669,4228138.0,Normal Sale
2024-06-13,Vidio Premier,873194.0,1022222.4047957275,912110.0,Normal Sale
2024-06-14,Vidio Premier,283454.0,995126.3311965042,873194.0,Bad for Sale
2024-06-15,Vidio Premier,393160.0,865731.3618880488,283454.0,Bad for Sale
2024-06-16,Vidio Premier,295370.0,779809.2960902217,393160.0,Bad for Sale
2024-06-17,Vidio Premier,440034.0,691729.4240738177,295370.0,Bad for Sale
2024-06-18,Vidio Premier,901110.0,645966.6196967599,440034.0,Normal Sale
2024-06-19,Vidio Premier,395160.0,692356.32520644,901110.0,Bad for Sale
2024-06-20,Vidio Premier,492950.0,638320.6297143599,395160.0,Bad for Sale
2024-06-21,Vidio Premier,582782.0,611889.6061299308,492950.0,Normal Sale
2024-06-22,Vidio Premier,577824.0,606597.314106307,582782.0,Normal Sale
2024-06-23,Vidio Premier,607698.0,601365.8024506147,577824.0,Normal Sale
2024-06-24,Vidio Premier,324370.0,602517.1110959575,607698.0,Bad for Sale
2024-06-25,Vidio Premier,357286.0,551944.9090785106,324370.0,Bad for Sale
2024-06-26,Vidio Premier,86832.0,516552.38015514496,357286.0,Bad for Sale
2024-06-27,Vidio Premier,224538.0,438421.40194511856,86832.0,Bad for Sale
2024-06-28,Vidio Premier,230538.0,399533.5106823697,224538.0,Bad for Sale
2024-06-29,Vidio Premier,200580.0,368807.0541946661,230538.0,Bad for Sale
2024-06-30,Vidio Premier,117748.0,338220.3170683632,200580.0,Bad for Sale
2024-07-02,Vidio Premier,167622.0,298134.4412377517,117748.0,Bad for Sale
2024-07-03,Vidio Premier,56874.0,274404.90646725136,167622.0,Bad for Sale
2024-07-04,Vidio Premier,207580.0,234853.83256411474,56874.0,Bad for Sale
2024-07-05,Vidio Premier,352244.0,229894.95391609386,207580.0,Bad for Sale
2024-07-06,Vidio Premier,221538.0,252140.2350222586,352244.0,Bad for Sale
2024-07-07,Vidio Premier,225496.0,246576.19229093887,221538.0,Bad for Sale
2024-07-08,Vidio Premier,213580.0,242743.4300562227,225496.0,Bad for Sale
2024-07-09,Vidio Premier,153664.0,237440.98822781857,213580.0,Bad for Sale
2024-07-10,Vidio Premier,107748.0,222208.80855003337,153664.0,Bad for Sale
2024-07-11,Vidio Premier,319286.0,201397.75245002727,107748.0,Bad for Sale
2024-07-12,Vidio Premier,268412.0,222831.97927729503,319286.0,Bad for Sale
2024-07-13,Vidio Premier,174622.0,231119.25577233228,268412.0,Bad for Sale
2024-07-14,Vidio Premier,251454.0,220847.02745009004,174622.0,Bad for Sale
2024-07-15,Vidio Premier,234496.0,226411.93155007364,251454.0,Bad for Sale
2024-07-16,Vidio Premier,96790.0,227881.76217733294,234496.0,Bad for Sale
2024-07-17,Vidio Premier,307412.0,204046.89632690875,96790.0,Bad for Sale
2024-07-18,Vidio Premier,63874.0,222840.55154019807,307412.0,Bad for Sale
2024-07-19,Vidio Premier,250496.0,193937.54216925296,63874.0,Bad for Sale
2024-07-20,Vidio Premier,367328.0,204220.89813847968,250496.0,Bad for Sale
2024-07-21,Vidio Premier,183664.0,233876.73484057427,367328.0,Bad for Sale
2024-07-22,Vidio Premier,174622.0,224747.14668774256,183664.0,Bad for Sale
2024-07-23,Vidio Premier,317412.0,215633.48365360755,174622.0,Bad for Sale
2024-07-24,Vidio Premier,69874.0,234138.66844386072,317412.0,Bad for Sale
2024-07-25,Vidio Premier,378286.0,204272.3650904315,69874.0,Bad for Sale
2024-07-26,Vidio Premier,250580.0,235911.20780126212,378286.0,Bad for Sale
2024-07-27,Vidio Premier,715740.0,238578.26092830536,250580.0,Normal Sale
2024-07-28,Vidio Premier,567076.0,325334.94075952255,715740.0,Normal Sale
2024-07-29,Vidio Premier,1421690.0,369287.86062142754,567076.0,Good for Sale
2024-07-30,Vidio Premier,1309858.0,560633.7041448043,1421690.0,Good for Sale
2024-07-31,Vidio Premier,1146110.0,696856.3033912035,1309858.0,Good for Sale
2024-08-01,Vidio Premier,806614.0,778538.7936837119,1146110.0,Normal Sale
2024-08-02,Vidio Premier,598866.0,783643.3766503098,806614.0,Normal Sale
2024-08-03,Vidio Premier,272496.0,750047.4899866171,598866.0,Bad for Sale
2024-08-04,Vidio Premier,381286.0,663219.9463526867,272496.0,Bad for Sale
2024-08-05,Vidio Premier,566992.0,611959.2288340164,381286.0,Normal Sale
2024-08-06,Vidio Premier,323370.0,603783.3690460133,566992.0,Bad for Sale
2024-08-07,Vidio Premier,300496.0,552799.1201285563,323370.0,Bad for Sale
2024-08-08,Vidio Premier,104832.0,506925.8255597278,300496.0,Bad for Sale
2024-08-09,Vidio Premier,289412.0,433817.8572761409,104832.0,Bad for Sale
2024-08-10,Vidio Premier,252496.0,407562.24686229706,289412.0,Bad for Sale
2024-08-11,Vidio Premier,234496.0,379368.38379642484,252496.0,Bad for Sale
2024-08-12,Vidio Premier,201580.0,353027.950378893,234496.0,Bad for Sale
2024-08-13,Vidio Premier,234496.0,325491.95940091246,201580.0,Bad for Sale
2024-08-14,Vidio Premier,355244.0,308947.2395098374,234496.0,Bad for Sale
2024-08-15,Vidio Premier,143706.0,317364.8323262306,355244.0,Bad for Sale
2024-08-16,Vidio Premier,595824.0,285790.4991760068,143706.0,Normal Sale
2024-08-17,Vidio Premier,336538.0,342160.22659855103,595824.0,Bad for Sale
2024-08-18,Vidio Premier,397870.0,341138.0035806327,336538.0,Bad for Sale
2024-08-19,Vidio Premier,223580.0,351452.91202051763,397870.0,Bad for Sale
2024-08-20,Vidio Premier,103790.0,328203.2916531508,223580.0,Bad for Sale
2024-08-21,Vidio Premier,93790.0,287400.8749889416,103790.0,Bad for Sale
2024-08-22,Vidio Premier,29958.0,252198.8977182249,93790.0,Bad for Sale
2024-08-23,Vidio Premier,249748.0,211791.4617694567,29958.0,Bad for Sale
2024-08-24,Vidio Premier,203622.0,218692.65053864638,249748.0,Bad for Sale
2024-08-25,Vidio Premier,623656.0,215952.5322588925,203622.0,Normal Sale
2024-08-26,Vidio Premier,133706.0,290080.4354845484,623656.0,Bad for Sale
2024-08-27,Vidio Premier,53874.0,261648.71994190323,133706.0,Bad for Sale
2024-08-28,Vidio Premier,246580.0,223871.49813428445,53874.0,Bad for Sale
2024-08-29,Vidio Premier,110790.0,228000.31665532364,246580.0,Bad for Sale
2024-08-30,Vidio Premier,156332.0,206689.34999071932,110790.0,Bad for Sale
2024-08-31,Vidio Premier,190248.0,197533.4681742249,156332.0,Bad for Sale
2024-09-01,Vidio Premier,34958.0,196208.83759709308,190248.0,Bad for Sale
2024-09-02,Vidio Premier,54916.0,166890.5034885307,34958.0,Bad for Sale
2024-09-03,Vidio Premier,34958.0,146531.50285425238,54916.0,Bad for Sale
2024-09-04,Vidio Premier,34958.0,126245.41142620648,34958.0,Bad for Sale
2024-09-05,Vidio Premier,36916.0,109647.70025780529,34958.0,Bad for Sale
2024-09-06,Vidio Premier,69916.0,96423.75475638614,36916.0,Bad for Sale
2024-09-07,Vidio Premier,69916.0,91604.16298249774,69916.0,Bad for Sale
2024-09-08,Vidio Premier,51916.0,87660.8606220436,69916.0,Bad for Sale
2024-09-09,Vidio Premier,33916.0,81161.79505439932,51916.0,Bad for Sale
2024-09-10,Vidio Premier,88832.0,72571.65049905398,33916.0,Bad for Sale
2024-09-11,Vidio Premier,91832.0,75528.07768104417,88832.0,Bad for Sale
2024-09-12,Vidio Premier,111790.0,78492.42719358159,91832.0,Bad for Sale
2024-09-13,Vidio Premier,113748.0,84546.53134020312,111790.0,Bad for Sale
2024-09-14,Vidio Premier,141790.0,89855.889278348,113748.0,Bad for Sale
2024-09-15,Vidio Premier,212622.0,99298.4548641029,141790.0,Bad for Sale
2024-09-16,Vidio Premier,145706.0,119902.73579790237,212622.0,Bad for Sale
2024-09-17,Vidio Premier,194622.0,124594.23838010193,145706.0,Bad for Sale
2024-09-18,Vidio Premier,125748.0,137326.55867462885,194622.0,Bad for Sale
2024-09-19,Vidio Premier,234538.0,135221.36618833267,125748.0,Bad for Sale
2024-09-20,Vidio Premier,39916.0,153278.9359722722,234538.0,Bad for Sale
2024-09-21,Vidio Premier,147664.0,132667.49306822268,39916.0,Bad for Sale
2024-09-22,Vidio Premier,177664.0,135394.13069218217,147664.0,Bad for Sale
2024-09-23,Vidio Premier,567824.0,143079.56147542177,177664.0,Normal Sale
2024-09-24,Vidio Premier,70832.0,220305.82302534507,567824.0,Bad for Sale
2024-09-25,Vidio Premier,472076.0,193128.76429346413,70832.0,Bad for Sale
2024-09-26,Vidio Premier,340996.0,243846.4435128343,472076.0,Bad for Sale
2024-09-27,Vidio Premier,215622.0,261509.9992377735,340996.0,Bad for Sale
2024-09-28,Vidio Premier,193706.0,253166.7266490874,215622.0,Bad for Sale
2024-09-29,Vidio Premier,355328.0,242355.6854401624,193706.0,Bad for Sale
2024-09-30,Vidio Premier,142706.0,262896.10626922373,355328.0,Bad for Sale
2024-10-01,Vidio Premier,296370.0,241043.3596748194,142706.0,Bad for Sale
2024-10-02,Vidio Premier,157706.0,251102.74882485223,296370.0,Bad for Sale
2024-10-03,Vidio Premier,109832.0,234121.52176578817,157706.0,Bad for Sale
2024-10-04,Vidio Premier,71874.0,211523.42689928124,109832.0,Bad for Sale
2024-10-05,Vidio Premier,93790.0,186132.62200850283,71874.0,Bad for Sale
2024-10-06,Vidio Premier,145332.0,169343.05437059322,93790.0,Bad for Sale
2024-10-07,Vidio Premier,148706.0,164977.40812139443,145332.0,Bad for Sale
2024-10-08,Vidio Premier,54916.0,162018.9702811409,148706.0,Bad for Sale
2024-10-09,Vidio Premier,146748.0,142545.7029572971,54916.0,Bad for Sale
2024-10-10,Vidio Premier,56874.0,143309.75696506124,146748.0,Bad for Sale
2024-10-11,Vidio Premier,93790.0,127594.16478959555,56874.0,Bad for Sale
2024-10-12,Vidio Premier,76832.0,121447.95300966909,93790.0,Bad for Sale
2024-10-13,Vidio Premier,76832.0,113335.9615533656,76832.0,Bad for Sale
2024-10-14,Vidio Premier,19958.0,106698.87763457185,76832.0,Bad for Sale
2024-10-15,Vidio Premier,19958.0,90927.80897374061,19958.0,Bad for Sale
2024-10-16,Vidio Premier,185622.0,78024.2073421514,19958.0,Bad for Sale
2024-10-17,Vidio Premier,313454.0,97587.44237085115,185622.0,Bad for Sale
2024-10-18,Vidio Premier,146748.0,136835.90739433275,313454.0,Bad for Sale
2024-10-19,Vidio Premier,122748.0,138638.10604990862,146748.0,Bad for Sale
2024-10-20,Vidio Premier,147664.0,135748.99585901614,122748.0,Bad for Sale
2024-10-22,Vidio Premier,105790.0,137915.36024828593,147664.0,Bad for Sale
2024-10-23,Vidio Premier,232454.0,132074.3856576885,105790.0,Bad for Sale
2024-10-24,Vidio Premier,199580.0,150325.22462901784,232454.0,Bad for Sale
2024-10-25,Vidio Premier,96790.0,159280.63833283278,199580.0,Bad for Sale
2024-10-26,Vidio Premier,419244.0,147918.70409049952,96790.0,Bad for Sale
2024-10-27,Vidio Premier,196580.0,197250.57607404506,419244.0,Bad for Sale
2024-10-28,Vidio Premier,201538.0,197128.6531514914,196580.0,Bad for Sale
2024-10-29,Vidio Premier,104748.0,197930.35257849295,201538.0,Bad for Sale
2024-10-30,Vidio Premier,184580.0,180988.1066551306,104748.0,Bad for Sale
2024-10-31,Vidio Premier,76832.0,181641.17817237956,184580.0,Bad for Sale
2024-11-01,Vidio Premier,322328.0,162584.96395921963,76832.0,Bad for Sale
2024-11-02,Vidio Premier,252538.0,191629.1523302706,322328.0,Bad for Sale
2024-11-03,Vidio Premier,202580.0,202703.4882702214,252538.0,Bad for Sale
2024-11-04,Vidio Premier,328454.0,202681.03585745385,202580.0,Bad for Sale
2024-11-05,Vidio Premier,299370.0,225548.84751973496,328454.0,Bad for Sale
2024-11-06,Vidio Premier,181580.0,238970.8752434195,299370.0,Bad for Sale
2024-11-07,Vidio Premier,286454.0,228536.17065370682,181580.0,Bad for Sale
2024-11-08,Vidio Premier,550992.0,239066.68508030556,286454.0,Normal Sale
2024-11-09,Vidio Premier,318286.0,295780.3787020682,550992.0,Bad for Sale
2024-11-10,Vidio Premier,429160.0,299872.3098471467,318286.0,Bad for Sale
2024-11-11,Vidio Premier,515908.0,323379.1626022109,429160.0,Normal Sale
2024-11-12,Vidio Premier,307328.0,358384.4057654452,515908.0,Bad for Sale
2024-11-13,Vidio Premier,374370.0,349101.4228990006,307328.0,Bad for Sale
2024-11-14,Vidio Premier,334328.0,353695.70964463684,374370.0,Bad for Sale
2024-11-15,Vidio Premier,682740.0,350174.30789106654,334328.0,Normal Sale
2024-11-16,Vidio Premier,288412.0,410640.79736541805,682740.0,Bad for Sale
2024-11-17,Vidio Premier,259454.0,388417.3796626148,288412.0,Bad for Sale
2024-11-18,Vidio Premier,380244.0,364969.49245123024,259454.0,Bad for Sale
2024-11-19,Vidio Premier,600698.0,367746.67564191564,380244.0,Normal Sale
2024-11-20,Vidio Premier,359244.0,410101.4618888401,600698.0,Bad for Sale
2024-11-21,Vidio Premier,584782.0,400854.6506363237,359244.0,Normal Sale
2024-11-22,Vidio Premier,2201758.0,434295.98688426486,584782.0,Good for Sale
2024-11-23,Vidio Premier,529034.0,755652.7165416712,2201758.0,Normal Sale
2024-11-24,Vidio Premier,529950.0,714449.3135340946,529034.0,Normal Sale
2024-11-25,Vidio Premier,984984.0,680903.9838006228,529950.0,Normal Sale
2024-11-26,Vidio Premier,899362.0,736191.2594732367,984984.0,Normal Sale
2024-11-27,Vidio Premier,547824.0,765858.6668417391,899362.0,Normal Sale
2024-11-28,Vidio Premier,3301574.0,726216.000143241,547824.0,Good for Sale
2024-11-29,Vidio Premier,2846498.0,1194462.9092081063,3301574.0,Good for Sale
2024-11-30,Vidio Premier,457118.0,1494832.9257157233,2846498.0,Bad for Sale
2024-12-01,Vidio Premier,250496.0,1306157.4846765008,457118.0,Bad for Sale
2024-12-02,Vidio Premier,605824.0,1114219.032917137,250496.0,Normal Sale
2024-12-03,Vidio Premier,590782.0,1021783.5723867485,605824.0,Normal Sale
2024-12-04,Vidio Premier,437202.0,943419.6501346123,590782.0,Bad for Sale
2024-12-05,Vidio Premier,523866.0,851380.0773828645,437202.0,Normal Sale
2024-12-06,Vidio Premier,828236.0,791832.0633132528,523866.0,Normal Sale
2024-12-07,Vidio Premier,515908.0,798450.9608926614,828236.0,Normal Sale
2024-12-08,Vidio Premier,230538.0,747079.513457632,515908.0,Bad for Sale
2024-12-09,Vidio Premier,401286.0,653162.8746471534,230538.0,Bad for Sale
2024-12-10,Vidio Premier,555866.0,607367.0792567619,401286.0,Normal Sale
2024-12-11,Vidio Premier,992110.0,598003.2466646234,555866.0,Normal Sale
2024-12-12,Vidio Premier,870320.0,669659.0199983282,992110.0,Normal Sale
2024-12-13,Vidio Premier,717656.0,706142.8345440866,870320.0,Normal Sale
2024-12-14,Vidio Premier,685656.0,708236.1373542526,717656.0,Normal Sale
2024-12-15,Vidio Premier,234580.0,704130.6578352976,685656.0,Bad for Sale
2024-12-16,Vidio Premier,492950.0,618757.8109561525,234580.0,Bad for Sale
2024-12-17,Vidio Premier,429076.0,595883.6635095793,492950.0,Bad for Sale
2024-12-18,Vidio Premier,384286.0,565554.9974169285,429076.0,Bad for Sale
2024-12-19,Vidio Premier,493034.0,532596.9978865779,384286.0,Bad for Sale
2024-12-20,Vidio Premier,333286.0,525403.7255435636,493034.0,Bad for Sale
2024-12-21,Vidio Premier,508118.0,490473.2299901884,333286.0,Normal Sale
2024-12-22,Vidio Premier,611782.0,493681.3699919722,508118.0,Normal Sale
2024-12-23,Vidio Premier,241496.0,515154.21181161364,611782.0,Bad for Sale
2024-12-24,Vidio Premier,288412.0,465398.17330041114,241496.0,Bad for Sale
2024-12-25,Vidio Premier,106832.0,433218.8690639727,288412.0,Bad for Sale
2024-12-26,Vidio Premier,494118.0,373875.8019614322,106832.0,Bad for Sale
2024-12-27,Vidio Premier,257538.0,395738.01978662633,494118.0,Bad for Sale
2024-12-28,Vidio Premier,241538.0,370610.74346178514,257538.0,Bad for Sale
2024-12-29,Vidio Premier,336286.0,347142.9719232787,241538.0,Bad for Sale
2024-12-30,Vidio Premier,179664.0,345168.97702813713,336286.0,Bad for Sale
2024-12-31,Vidio Premier,348370.0,315077.16302302125,179664.0,Bad for Sale
2025-01-01,Vidio Premier,280412.0,321130.4061097446,348370.0,Bad for Sale
2025-01-02,Vidio Premier,231580.0,313727.0595443365,280412.0,Bad for Sale
2025-01-03,Vidio Premier,57874.0,298791.2305362753,231580.0,Bad for Sale
2025-01-04,Vidio Premier,90790.0,254988.09771149795,57874.0,Bad for Sale
2025-01-05,Vidio Premier,54916.0,225133.89812758923,90790.0,Bad for Sale
2025-01-07,Vidio Premier,188580.0,194185.18937711843,54916.0,Bad for Sale
2025-01-08,Vidio Premier,177580.0,193166.06403582415,188580.0,Bad for Sale
2025-01-09,Vidio Premier,152706.0,190332.23421112885,177580.0,Bad for Sale
2025-01-10,Vidio Premier,374244.0,183491.1007181963,152706.0,Bad for Sale
2025-01-11,Vidio Premier,254496.0,218173.44604216062,374244.0,Bad for Sale
2025-01-12,Vidio Premier,374202.0,224777.54676176776,254496.0,Bad for Sale
2025-01-13,Vidio Premier,501950.0,251945.62916871905,374202.0,Normal Sale
2025-01-14,Vidio Premier,358244.0,297400.96931986103,501950.0,Bad for Sale
2025-01-15,Vidio Premier,338328.0,308463.3385344317,358244.0,Bad for Sale
2025-01-16,Vidio Premier,517866.0,313893.27698271687,338328.0,Normal Sale
2025-01-17,Vidio Premier,499908.0,350979.22662222286,517866.0,Bad for Sale
2025-01-18,Vidio Premier,461076.0,378057.18541818234,499908.0,Bad for Sale
2025-01-19,Vidio Premier,463034.0,393151.5153421492,461076.0,Bad for Sale
2025-01-20,Vidio Premier,362160.0,405857.4216435766,463034.0,Bad for Sale
2025-01-21,Vidio Premier,433034.0,397912.43589019903,362160.0,Bad for Sale
2025-01-22,Vidio Premier,408160.0,404298.17481925373,433034.0,Bad for Sale
2025-01-23,Vidio Premier,419202.0,405000.32485211664,408160.0,Bad for Sale
2025-01-24,Vidio Premier,1646228.0,407582.44760627724,419202.0,Good for Sale
2025-01-25,Vidio Premier,509950.0,632790.7298596813,1646228.0,Normal Sale
2025-01-26,Vidio Premier,710698.0,610456.0517033755,509950.0,Normal Sale
2025-01-27,Vidio Premier,371244.0,628681.8604845799,710698.0,Bad for Sale
2025-01-28,Vidio Premier,430202.0,581874.9767601108,371244.0,Bad for Sale
2025-01-29,Vidio Premier,113748.0,554298.071894636,430202.0,Bad for Sale
2025-01-30,Vidio Premier,150622.0,474198.058822884,113748.0,Bad for Sale
2025-01-31,Vidio Premier,170664.0,415366.04812781414,150622.0,Bad for Sale
2025-02-01,Vidio Premier,258454.0,370874.7666500297,170664.0,Bad for Sale
2025-02-02,Vidio Premier,193622.0,350434.62725911516,258454.0,Bad for Sale
2025-02-03,Vidio Premier,109748.0,321923.2404847306,193622.0,Bad for Sale
2025-02-04,Vidio Premier,193622.0,283345.92403296137,109748.0,Bad for Sale
2025-02-05,Vidio Premier,190622.0,267032.48329969565,193622.0,Bad for Sale
2025-02-06,Vidio Premier,234496.0,253139.6681542964,190622.0,Bad for Sale
2025-02-07,Vidio Premier,527950.0,249749.9103080607,234496.0,Normal Sale
2025-02-08,Vidio Premier,307412.0,300331.74479750416,527950.0,Bad for Sale
2025-02-09,Vidio Premier,355244.0,301619.06392523064,307412.0,Bad for Sale
2025-02-10,Vidio Premier,302412.0,311369.0523024614,355244.0,Bad for Sale
2025-02-11,Vidio Premier,409118.0,309740.4973383775,302412.0,Bad for Sale
2025-02-12,Vidio Premier,239538.0,327809.13418594527,409118.0,Bad for Sale
2025-02-13,Vidio Premier,464118.0,311759.83706122794,239538.0,Bad for Sale
2025-02-14,Vidio Premier,189622.0,339461.32123191375,464118.0,Bad for Sale
2025-02-15,Vidio Premier,204538.0,312217.8082806567,189622.0,Bad for Sale
2025-02-16,Vidio Premier,448118.0,292639.66132053727,204538.0,Bad for Sale
2025-02-17,Vidio Premier,284412.0,320908.45017134864,448118.0,Bad for Sale
2025-02-18,Vidio Premier,312412.0,314272.7319583761,284412.0,Bad for Sale
2025-02-19,Vidio Premier,260454.0,313934.4170568532,312412.0,Bad for Sale
2025-02-20,Vidio Premier,289412.0,304210.70486469805,260454.0,Bad for Sale
2025-02-21,Vidio Premier,93790.0,301520.0312529348,289412.0,Bad for Sale
2025-02-22,Vidio Premier,393118.0,263750.93466149207,93790.0,Bad for Sale
2025-02-23,Vidio Premier,137706.0,287272.21926849347,393118.0,Bad for Sale
2025-02-24,Vidio Premier,183622.0,260078.36121967647,137706.0,Bad for Sale
2025-02-25,Vidio Premier,245496.0,246177.20463428073,183622.0,Bad for Sale
2025-02-26,Vidio Premier,263496.0,246053.34924622969,245496.0,Bad for Sale
2025-02-27,Vidio Premier,148706.0,249224.74029236974,263496.0,Bad for Sale
2025-02-28,Vidio Premier,144664.0,230948.60569375707,148706.0,Bad for Sale
2025-03-01,Vidio Premier,615824.0,215260.4955676194,144664.0,Normal Sale
2025-03-02,Vidio Premier,611782.0,288090.223646234,615824.0,Normal Sale
2025-03-03,Vidio Premier,270412.0,346943.2738923733,611782.0,Bad for Sale
2025-03-04,Vidio Premier,235496.0,333028.49682103266,270412.0,Bad for Sale
2025-03-05,Vidio Premier,425034.0,315295.3155808449,235496.0,Bad for Sale
2025-03-06,Vidio Premier,227454.0,335247.8036570549,425034.0,Bad for Sale
2025-03-07,Vidio Premier,399118.0,315648.93026486307,227454.0,Bad for Sale
2025-03-08,Vidio Premier,420076.0,330825.1247621607,399118.0,Bad for Sale
2025-03-09,Vidio Premier,226454.0,347052.556623586,420076.0,Bad for Sale
2025-03-10,Vidio Premier,418076.0,325125.5463283885,226454.0,Bad for Sale
2025-03-11,Vidio Premier,553824.0,342025.628814136,418076.0,Normal Sale
2025-03-12,Vidio Premier,286412.0,380534.42357520224,553824.0,Bad for Sale
2025-03-13,Vidio Premier,224496.0,363421.2556524382,286412.0,Bad for Sale
2025-03-14,Vidio Premier,228538.0,338162.11826108576,224496.0,Bad for Sale
2025-03-15,Vidio Premier,287496.0,318230.4603954338,228538.0,Bad for Sale
2025-03-16,Vidio Premier,314286.0,312642.37668717315,287496.0,Bad for Sale
2025-03-17,Vidio Premier,157706.0,312941.2172895053,314286.0,Bad for Sale
2025-03-18,Vidio Premier,256496.0,284716.63232777704,157706.0,Bad for Sale
2025-03-19,Vidio Premier,349328.0,279585.6082681812,256496.0,Bad for Sale
2025-03-20,Vidio Premier,368244.0,292266.04312851187,349328.0,Bad for Sale
2025-03-21,Vidio Premier,653782.0,306080.21710514603,368244.0,Normal Sale
2025-03-22,Vidio Premier,206580.0,369298.72308602853,653782.0,Bad for Sale
2025-03-23,Vidio Premier,482118.0,339713.5007067506,206580.0,Bad for Sale
2025-03-24,Vidio Premier,488034.0,365605.22785097774,482118.0,Bad for Sale
2025-03-25,Vidio Premier,765446.0,387865.00460534537,488034.0,Normal Sale
2025-03-26,Vidio Premier,643782.0,456516.0946771007,765446.0,Normal Sale
2025-03-27,Vidio Premier,722698.0,490564.44109944603,643782.0,Normal Sale
2025-03-28,Vidio Premier,691614.0,532770.5427177285,722698.0,Normal Sale
2025-03-29,Vidio Premier,711488.0,561651.1713145052,691614.0,Normal Sale
2025-03-30,Vidio Premier,412202.0,588894.2310755042,711488.0,Bad for Sale
2025-03-31,Vidio Premier,307370.0,556768.370879958,412202.0,Bad for Sale
